id,predictions
faedbb2c-GOPR6623,"[0, 0.66, 0.81788, 0.33146, 0.01933, 0.01685, 0, 0.71, 0.46563, 0.1009, 0.02852, 0.01482, 0, 0.97, 0.58111, 0.93026, 0.01059, 0.01463, 0, 0.55, 0.55392, 0.56221, 0.02336, 0.01725, 0, 0.55, 0.49196, 0.72356, 0.02026, 0.01461, 0, 0.75, 0.93991, 0.42352, 0.01256, 0.02198, 0, 0.51, 0.66123, 0.75147, 0.01811, 0.01436, 0, 0.74, 0.55623, 0.5913, 0.03062, 0.01, 0, 0.56, 0.09928, 0.63007, 0.01294, 0.01451, 0, 0.66, 0.38634, 0.74969, 0.01835, 0.01862, 0, 0.57, 0.3458, 0.4287, 0.01806, 0.01, 0, 0.79, 0.27791, 0.88735, 0.01436, 0.01347]"
3ee1ee02-GOPR6568,"[0, 0.87, 0.48401, 0.74859, 0.02067, 0.01934, 0, 0.56, 0.55831, 0.93472, 0.02254, 0.01121, 0, 0.57, 0.46981, 0.49516, 0.02701, 0.01672, 0, 0.69, 0.74083, 0.86213, 0.02483, 0.01666, 0, 0.87, 0.70612, 0.55543, 0.02035, 0.01918, 0, 0.75, 0.13123, 0.38307, 0.01, 0.01222, 0, 0.98, 0.21094, 0.52456, 0.01582, 0.0117, 0, 0.86, 0.67855, 0.35001, 0.01847, 0.01418, 0, 0.76, 0.14346, 0.22079, 0.0199, 0.01165, 0, 0.85, 0.53671, 0.16831, 0.02334, 0.01684, 0, 0.55, 0.22295, 0.1452, 0.02614, 0.01167, 0, 0.94, 0.5581, 0.66002, 0.02535, 0.0113, 0, 0.61, 0.06415, 0.72125, 0.01831, 0.0148, 0, 0.96, 0.7049, 0.73748, 0.02271, 0.01677, 0, 0.7, 0.40234, 0.33205, 0.02564, 0.01561, 0, 0.71, 0.7181, 0.56055, 0.01857, 0.01195, 0, 0.71, 0.56011, 0.43911, 0.0235, 0.0138, 0, 0.83, 0.18447, 0.16893, 0.0204, 0.01238, 0, 0.95, 0.42132, 0.8308, 0.01794, 0.01847, 0, 0.5, 0.45678, 0.37053, 0.02267, 0.01551, 0, 0.89, 0.63985, 0.13108, 0.02971, 0.01243, 0, 0.78, 0.61514, 0.27759, 0.03014, 0.02016, 0, 0.72, 0.42406, 0.55525, 0.01308, 0.01884, 0, 0.8, 0.12482, 0.90086, 0.0196, 0.01, 0, 0.54, 0.94613, 0.21549, 0.02052, 0.01041, 0, 0.69, 0.93837, 0.22655, 0.01649, 0.01014, 0, 0.65, 0.92818, 0.85567, 0.02955, 0.01122]"
aece3643-GOPR6651,"[0, 0.53, 0.31151, 0.05965, 0.0207, 0.01482, 0, 0.7, 0.77167, 0.88329, 0.01, 0.01232, 0, 0.83, 0.326, 0.82751, 0.01431, 0.01538, 0, 0.79, 0.409, 0.94199, 0.01686, 0.01, 0, 0.73, 0.15924, 0.35896, 0.01567, 0.01, 0, 0.87, 0.61428, 0.33885, 0.014, 0.01095, 0, 0.98, 0.47399, 0.32918, 0.01701, 0.01432, 0, 0.58, 0.82757, 0.56046, 0.02591, 0.01728, 0, 0.9, 0.77705, 0.52686, 0.01688, 0.01]"
22e8c404-GOPR6769,"[0, 0.69, 0.3916, 0.58518, 0.01785, 0.01436, 0, 0.63, 0.51509, 0.54961, 0.0338, 0.01305, 0, 0.71, 0.52116, 0.26083, 0.01818, 0.01758, 0, 0.71, 0.55007, 0.79263, 0.01372, 0.0138, 0, 0.83, 0.81302, 0.66735, 0.01549, 0.01133, 0, 0.97, 0.80014, 0.88226, 0.01535, 0.01582, 0, 0.95, 0.437, 0.83552, 0.02022, 0.01304, 0, 0.73, 0.8266, 0.56919, 0.0269, 0.01, 0, 0.72, 0.88793, 0.33539, 0.02488, 0.0168, 0, 0.82, 0.2851, 0.79654, 0.01842, 0.01139, 0, 0.67, 0.83231, 0.68108, 0.02713, 0.01, 0, 0.73, 0.16671, 0.36878, 0.02032, 0.01372, 0, 0.93, 0.5037, 0.75052, 0.01727, 0.01888, 0, 0.96, 0.84769, 0.28081, 0.0303, 0.01976, 0, 0.72, 0.92439, 0.43538, 0.01827, 0.01685, 0, 0.62, 0.72797, 0.93609, 0.01, 0.0168, 0, 0.65, 0.66017, 0.66003, 0.01828, 0.02264, 0, 0.78, 0.79698, 0.2895, 0.01365, 0.01416, 0, 0.52, 0.17719, 0.41982, 0.01889, 0.01349, 0, 0.56, 0.26638, 0.48368, 0.01847, 0.01258, 0, 0.81, 0.93683, 0.56012, 0.01394, 0.01, 0, 0.61, 0.48549, 0.64177, 0.01971, 0.0171, 0, 0.82, 0.74971, 0.38146, 0.02322, 0.01, 0, 0.97, 0.26987, 0.6028, 0.02558, 0.01, 0, 1.0, 0.40532, 0.71519, 0.02071, 0.01065, 0, 0.74, 0.55163, 0.63907, 0.02487, 0.01874, 0, 0.8, 0.41461, 0.58478, 0.01198, 0.01131, 0, 0.6, 0.49478, 0.45096, 0.02234, 0.01117, 0, 0.78, 0.28497, 0.28562, 0.024, 0.01322, 0, 0.54, 0.91356, 0.18955, 0.01358, 0.01813, 0, 0.73, 0.27214, 0.79173, 0.02031, 0.01]"
9f18d7ed-GOPR6536,"[0, 0.89, 0.20081, 0.92798, 0.02052, 0.01461, 0, 0.71, 0.46431, 0.43225, 0.01861, 0.0179, 0, 0.98, 0.7802, 0.60979, 0.02273, 0.01, 0, 0.58, 0.07667, 0.82646, 0.0194, 0.01925, 0, 0.81, 0.83496, 0.70171, 0.01133, 0.01561, 0, 0.86, 0.52767, 0.51845, 0.0227, 0.01133, 0, 0.97, 0.93331, 0.27286, 0.02098, 0.0132, 0, 0.9, 0.71544, 0.63513, 0.01083, 0.01, 0, 0.56, 0.72406, 0.47584, 0.0153, 0.01506, 0, 0.57, 0.51826, 0.1448, 0.02294, 0.01236, 0, 0.82, 0.68459, 0.46073, 0.02212, 0.01861, 0, 0.87, 0.62673, 0.21035, 0.01524, 0.01353, 0, 0.95, 0.55082, 0.21774, 0.01414, 0.01173, 0, 0.55, 0.74347, 0.17823, 0.02135, 0.01748, 0, 0.58, 0.49657, 0.87313, 0.02777, 0.01491, 0, 0.94, 0.78543, 0.30302, 0.0319, 0.01405, 0, 0.54, 0.07485, 0.115, 0.01641, 0.01941, 0, 0.53, 0.63185, 0.52418, 0.02534, 0.01004, 0, 0.58, 0.65008, 0.60909, 0.01577, 0.01452, 0, 0.81, 0.69493, 0.6387, 0.0181, 0.01624, 0, 0.93, 0.88663, 0.94586, 0.0183, 0.01, 0, 0.56, 0.39356, 0.53566, 0.02153, 0.01171, 0, 0.98, 0.63232, 0.4152, 0.01045, 0.01576, 0, 0.83, 0.32848, 0.45607, 0.01111, 0.0122, 0, 0.76, 0.07729, 0.38064, 0.01776, 0.01885, 0, 0.88, 0.75137, 0.7117, 0.01429, 0.0104, 0, 0.61, 0.15628, 0.74121, 0.02019, 0.01246, 0, 0.58, 0.65302, 0.7607, 0.01199, 0.01295, 0, 0.79, 0.43444, 0.13696, 0.02898, 0.0207, 0, 0.9, 0.47378, 0.44429, 0.0185, 0.01, 0, 0.99, 0.55799, 0.88384, 0.02214, 0.01129, 0, 0.57, 0.23502, 0.41655, 0.01378, 0.0249, 0, 0.69, 0.15918, 0.64902, 0.01, 0.01661, 0, 0.82, 0.26945, 0.49422, 0.01022, 0.01726, 0, 0.58, 0.91754, 0.22407, 0.02907, 0.01, 0, 0.63, 0.26649, 0.41644, 0.02923, 0.01196, 0, 0.68, 0.57124, 0.06539, 0.01909, 0.01681, 0, 0.6, 0.73249, 0.44605, 0.01574, 0.01158, 0, 0.82, 0.22556, 0.6127, 0.01285, 0.01611, 0, 0.71, 0.7353, 0.51369, 0.01693, 0.01432, 0, 0.91, 0.76827, 0.72779, 0.02277, 0.01298, 0, 0.6, 0.82612, 0.25085, 0.02308, 0.01894, 0, 0.71, 0.59524, 0.26678, 0.01745, 0.01593, 0, 0.69, 0.84566, 0.41778, 0.01621, 0.01913, 0, 0.51, 0.582, 0.35653, 0.02331, 0.01262]"
06a132db-GOPR6571,"[0, 0.99, 0.87234, 0.62163, 0.03071, 0.01276, 0, 0.79, 0.26308, 0.48867, 0.0187, 0.01467, 0, 0.71, 0.1895, 0.24129, 0.02051, 0.01564, 0, 0.54, 0.227, 0.80501, 0.02495, 0.01093, 0, 0.53, 0.70808, 0.20646, 0.02281, 0.01597, 0, 0.52, 0.10601, 0.59838, 0.0241, 0.01612, 0, 0.85, 0.7206, 0.74515, 0.016, 0.01339, 0, 0.83, 0.55559, 0.14813, 0.03019, 0.01143, 0, 0.8, 0.75847, 0.93474, 0.02428, 0.01292, 0, 0.54, 0.926, 0.13437, 0.01344, 0.02076, 0, 0.96, 0.34132, 0.75606, 0.02313, 0.01303, 0, 0.96, 0.69343, 0.30371, 0.02298, 0.01185, 0, 0.66, 0.80032, 0.23698, 0.02701, 0.01779, 0, 0.66, 0.57285, 0.53525, 0.01102, 0.01865, 0, 0.91, 0.49805, 0.46945, 0.01919, 0.01337, 0, 0.51, 0.38525, 0.20471, 0.02162, 0.0152, 0, 0.93, 0.89822, 0.94171, 0.01742, 0.01631, 0, 0.67, 0.48592, 0.40598, 0.02318, 0.01262, 0, 0.63, 0.32518, 0.4243, 0.0227, 0.01674, 0, 0.61, 0.46649, 0.48776, 0.02558, 0.01809, 0, 0.65, 0.71867, 0.25651, 0.01829, 0.01823, 0, 0.74, 0.41815, 0.63537, 0.01818, 0.01933, 0, 0.96, 0.55555, 0.39675, 0.02277, 0.01002, 0, 0.95, 0.05434, 0.38632, 0.01548, 0.01859, 0, 0.75, 0.92704, 0.39623, 0.02468, 0.01514, 0, 0.73, 0.07059, 0.61733, 0.0131, 0.01696, 0, 0.87, 0.55043, 0.16835, 0.01773, 0.01415, 0, 0.83, 0.13378, 0.53802, 0.0226, 0.01, 0, 0.77, 0.29253, 0.55005, 0.02529, 0.01585, 0, 0.9, 0.15401, 0.93735, 0.02575, 0.01972, 0, 0.71, 0.28163, 0.25663, 0.01777, 0.01263, 0, 0.51, 0.61645, 0.60922, 0.02378, 0.01, 0, 0.56, 0.46081, 0.86251, 0.02323, 0.01267, 0, 0.84, 0.22094, 0.58297, 0.02016, 0.01168, 0, 0.84, 0.16586, 0.77414, 0.01912, 0.01773, 0, 0.95, 0.39607, 0.84096, 0.02413, 0.01322, 0, 0.77, 0.8634, 0.94718, 0.02622, 0.0183, 0, 0.86, 0.69392, 0.84461, 0.02267, 0.01301, 0, 0.58, 0.86733, 0.91264, 0.01288, 0.01, 0, 0.65, 0.30172, 0.93843, 0.02022, 0.01564, 0, 0.67, 0.51027, 0.74219, 0.02306, 0.01, 0, 0.8, 0.30664, 0.4099, 0.01373, 0.01918, 0, 0.52, 0.52979, 0.30043, 0.01084, 0.0165, 0, 0.94, 0.26844, 0.65449, 0.02449, 0.01, 0, 0.66, 0.81356, 0.30421, 0.01693, 0.02243, 0, 0.55, 0.08431, 0.60095, 0.02562, 0.01598, 0, 0.87, 0.5189, 0.78377, 0.03024, 0.01435, 0, 0.76, 0.51543, 0.37904, 0.02507, 0.01362, 0, 0.96, 0.05426, 0.09445, 0.01563, 0.0217, 0, 0.74, 0.18502, 0.89432, 0.01982, 0.01423, 0, 0.75, 0.89776, 0.72319, 0.017, 0.01409, 0, 0.53, 0.09238, 0.14507, 0.02899, 0.01057, 0, 0.99, 0.52681, 0.92111, 0.02604, 0.01647, 0, 0.91, 0.26248, 0.76184, 0.02267, 0.01982, 0, 0.98, 0.91179, 0.05538, 0.0191, 0.01624, 0, 0.91, 0.13234, 0.15688, 0.01348, 0.01157, 0, 0.62, 0.93094, 0.7399, 0.02153, 0.01288, 0, 0.96, 0.34601, 0.90996, 0.03112, 0.01, 0, 0.64, 0.36375, 0.71047, 0.02527, 0.01, 0, 0.92, 0.68316, 0.85105, 0.01588, 0.01615, 0, 0.66, 0.73048, 0.85518, 0.02922, 0.01873, 0, 0.71, 0.37121, 0.45563, 0.02237, 0.01, 0, 1.0, 0.2785, 0.74892, 0.01, 0.0146, 0, 0.88, 0.30472, 0.93401, 0.01781, 0.0142, 0, 0.97, 0.05349, 0.69102, 0.02462, 0.01194, 0, 0.62, 0.12875, 0.86502, 0.022, 0.01641, 0, 0.91, 0.6346, 0.57677, 0.01274, 0.01348, 0, 0.66, 0.08508, 0.64365, 0.01759, 0.01428, 0, 0.74, 0.81693, 0.94083, 0.01, 0.01, 0, 0.82, 0.4126, 0.58046, 0.02296, 0.01134, 0, 0.96, 0.57687, 0.59638, 0.02099, 0.01279, 0, 0.62, 0.85411, 0.31004, 0.0175, 0.01477, 0, 0.58, 0.39262, 0.07087, 0.01881, 0.01385, 0, 0.68, 0.37134, 0.17663, 0.02434, 0.01912, 0, 0.92, 0.76087, 0.70651, 0.01949, 0.01056, 0, 1.0, 0.33056, 0.82104, 0.02661, 0.01594, 0, 0.67, 0.91474, 0.08794, 0.01459, 0.01, 0, 0.67, 0.48126, 0.60424, 0.01734, 0.01222, 0, 0.55, 0.61655, 0.21296, 0.01302, 0.0162, 0, 0.65, 0.62471, 0.44275, 0.01, 0.01897, 0, 0.75, 0.6989, 0.72092, 0.01945, 0.01482, 0, 0.96, 0.14094, 0.74013, 0.01449, 0.01528, 0, 0.89, 0.53023, 0.76865, 0.02491, 0.01792, 0, 0.93, 0.69551, 0.37427, 0.02396, 0.01, 0, 0.72, 0.6797, 0.64048, 0.01633, 0.01621, 0, 0.61, 0.40422, 0.50697, 0.02045, 0.01239, 0, 0.94, 0.10158, 0.55438, 0.01865, 0.01351, 0, 0.5, 0.30296, 0.7278, 0.02253, 0.01, 0, 0.68, 0.45823, 0.30347, 0.02558, 0.01402, 0, 0.67, 0.66299, 0.46363, 0.01354, 0.01682]"
15498cfb-GOPR6614,"[0, 0.88, 0.44297, 0.53478, 0.01135, 0.01172, 0, 0.83, 0.29104, 0.36932, 0.01767, 0.0134, 0, 0.6, 0.7016, 0.23232, 0.02167, 0.01385, 0, 0.59, 0.60964, 0.60482, 0.01746, 0.01445, 0, 1.0, 0.60383, 0.11696, 0.01915, 0.0159, 0, 0.85, 0.29473, 0.40225, 0.01845, 0.01513, 0, 0.99, 0.24788, 0.15474, 0.0209, 0.01306, 0, 0.76, 0.48603, 0.80686, 0.02735, 0.01]"
1fe18e90-GOPR6611,"[0, 0.62, 0.61114, 0.948, 0.01621, 0.01365, 0, 0.8, 0.17522, 0.83442, 0.02015, 0.01, 0, 0.57, 0.28263, 0.08993, 0.01656, 0.0111, 0, 0.62, 0.23076, 0.1043, 0.02061, 0.01625, 0, 0.51, 0.35225, 0.18259, 0.02094, 0.02612, 0, 0.83, 0.32093, 0.60407, 0.01436, 0.01176, 0, 0.72, 0.40267, 0.58405, 0.02516, 0.01315, 0, 0.6, 0.68157, 0.31627, 0.01969, 0.0109, 0, 0.81, 0.88128, 0.93186, 0.02205, 0.01, 0, 0.77, 0.90141, 0.68105, 0.01719, 0.01, 0, 0.94, 0.88524, 0.58599, 0.01236, 0.01, 0, 0.96, 0.46525, 0.91715, 0.0164, 0.01201, 0, 0.74, 0.22181, 0.70558, 0.02113, 0.01589, 0, 0.86, 0.78098, 0.85416, 0.02195, 0.01275, 0, 0.63, 0.52259, 0.55167, 0.01559, 0.01832, 0, 0.71, 0.84665, 0.15531, 0.02225, 0.01848, 0, 0.82, 0.87868, 0.33596, 0.02081, 0.0154, 0, 0.52, 0.69136, 0.54209, 0.02427, 0.01248, 0, 0.7, 0.93332, 0.29007, 0.01907, 0.01365, 0, 0.62, 0.80674, 0.4863, 0.01946, 0.01, 0, 0.51, 0.05348, 0.54227, 0.01583, 0.01091, 0, 0.87, 0.31915, 0.58555, 0.02109, 0.01, 0, 0.93, 0.16238, 0.37106, 0.01919, 0.01248, 0, 0.61, 0.14622, 0.65363, 0.02423, 0.01, 0, 0.78, 0.82049, 0.29226, 0.01444, 0.01412, 0, 0.72, 0.38092, 0.48302, 0.02042, 0.01264, 0, 0.52, 0.58133, 0.21279, 0.02375, 0.01297, 0, 0.55, 0.4711, 0.44234, 0.01297, 0.01721, 0, 0.83, 0.94404, 0.0977, 0.0185, 0.0108, 0, 0.91, 0.51537, 0.49854, 0.01704, 0.01821, 0, 0.82, 0.21009, 0.93875, 0.0188, 0.01436, 0, 0.69, 0.5526, 0.61873, 0.01945, 0.01636, 0, 0.99, 0.894, 0.5697, 0.01552, 0.01009, 0, 0.84, 0.22331, 0.76735, 0.0134, 0.01838, 0, 0.57, 0.83402, 0.1433, 0.01729, 0.01836, 0, 0.97, 0.86985, 0.44313, 0.02505, 0.0144, 0, 0.55, 0.71214, 0.35214, 0.02348, 0.01029, 0, 0.57, 0.31951, 0.92498, 0.02132, 0.0162, 0, 0.59, 0.15005, 0.63839, 0.02476, 0.01304, 0, 0.82, 0.44271, 0.92925, 0.02196, 0.01, 0, 0.58, 0.28955, 0.24552, 0.02966, 0.01305, 0, 0.8, 0.08848, 0.76955, 0.01378, 0.01563, 0, 0.72, 0.13139, 0.65437, 0.01769, 0.01763, 0, 0.68, 0.20726, 0.54394, 0.03122, 0.01, 0, 0.56, 0.19467, 0.1527, 0.01764, 0.01376, 0, 0.91, 0.10776, 0.87705, 0.0145, 0.01557, 0, 0.73, 0.37081, 0.06788, 0.0251, 0.01277, 0, 0.84, 0.0659, 0.24243, 0.02626, 0.01311, 0, 0.68, 0.58046, 0.06241, 0.01354, 0.01434, 0, 0.8, 0.44697, 0.85418, 0.02313, 0.01371, 0, 0.59, 0.09315, 0.33012, 0.02415, 0.01262, 0, 0.82, 0.17285, 0.68597, 0.01353, 0.01116, 0, 0.95, 0.26154, 0.50233, 0.01745, 0.01195, 0, 0.81, 0.7802, 0.31507, 0.01526, 0.01443, 0, 0.53, 0.40344, 0.32751, 0.02414, 0.01809, 0, 0.52, 0.77007, 0.93422, 0.01927, 0.01686, 0, 0.53, 0.74106, 0.6818, 0.01393, 0.01811, 0, 0.8, 0.06469, 0.25411, 0.0114, 0.01293, 0, 0.76, 0.83073, 0.38474, 0.01952, 0.01008, 0, 0.61, 0.49512, 0.79825, 0.02062, 0.01, 0, 0.63, 0.12109, 0.60992, 0.02335, 0.01715, 0, 0.54, 0.91761, 0.25872, 0.02532, 0.01462, 0, 0.99, 0.28501, 0.42981, 0.01865, 0.01, 0, 0.78, 0.50988, 0.74719, 0.01533, 0.0162, 0, 0.54, 0.78953, 0.463, 0.02648, 0.01713, 0, 0.59, 0.82735, 0.84081, 0.0113, 0.01678, 0, 0.77, 0.56379, 0.12309, 0.01413, 0.02185, 0, 0.81, 0.1981, 0.83564, 0.01618, 0.01111, 0, 0.53, 0.33795, 0.30464, 0.01722, 0.01, 0, 0.76, 0.74838, 0.24917, 0.0256, 0.01407, 0, 0.54, 0.25023, 0.45974, 0.01094, 0.01496, 0, 0.65, 0.12616, 0.49259, 0.01579, 0.01725, 0, 0.61, 0.63876, 0.56208, 0.02475, 0.01597, 0, 0.96, 0.87691, 0.90737, 0.01768, 0.01, 0, 0.86, 0.15236, 0.35994, 0.01919, 0.01457, 0, 0.56, 0.22057, 0.61484, 0.02193, 0.0102, 0, 0.52, 0.23602, 0.79763, 0.02125, 0.01193, 0, 0.54, 0.68638, 0.81049, 0.02516, 0.01746, 0, 0.63, 0.08416, 0.44125, 0.01576, 0.01, 0, 0.53, 0.45944, 0.48035, 0.01472, 0.01213, 0, 0.92, 0.28504, 0.75277, 0.01671, 0.01633, 0, 0.61, 0.28493, 0.06502, 0.01705, 0.01]"
cd26557f-GOPR6803,[]
0635aa25-GOPR6590,"[0, 0.68, 0.52587, 0.50907, 0.02358, 0.01902, 0, 0.75, 0.31604, 0.94265, 0.02119, 0.01516, 0, 0.74, 0.22296, 0.75201, 0.017, 0.01442, 0, 0.93, 0.45257, 0.30812, 0.01591, 0.01883, 0, 0.94, 0.31783, 0.74827, 0.02624, 0.02137, 0, 0.86, 0.32673, 0.71689, 0.02083, 0.01165, 0, 0.7, 0.81861, 0.45187, 0.02351, 0.01612, 0, 0.5, 0.77057, 0.10778, 0.03309, 0.01274, 0, 0.53, 0.29067, 0.3585, 0.01416, 0.01247, 0, 0.58, 0.09118, 0.92535, 0.02145, 0.0189, 0, 0.83, 0.70012, 0.17096, 0.0191, 0.01889, 0, 0.58, 0.58754, 0.8873, 0.0218, 0.02196, 0, 0.53, 0.12783, 0.42194, 0.01872, 0.01, 0, 0.52, 0.74299, 0.32736, 0.01315, 0.01264]"
4540bdc9-GOPR6548,"[0, 0.66, 0.29944, 0.54606, 0.01918, 0.01071, 0, 0.69, 0.18011, 0.74132, 0.01939, 0.01093, 0, 0.92, 0.41778, 0.91829, 0.0191, 0.01, 0, 0.77, 0.1945, 0.71308, 0.02517, 0.0166, 0, 0.7, 0.56398, 0.27225, 0.02276, 0.012, 0, 0.69, 0.47506, 0.78644, 0.02408, 0.01644, 0, 0.7, 0.12895, 0.61765, 0.02514, 0.01, 0, 0.75, 0.75008, 0.3181, 0.02529, 0.01054, 0, 0.59, 0.76231, 0.89177, 0.01709, 0.01632, 0, 0.51, 0.74098, 0.55418, 0.01944, 0.01591, 0, 0.88, 0.87827, 0.69376, 0.02617, 0.01487, 0, 0.78, 0.53494, 0.33323, 0.02777, 0.02, 0, 0.79, 0.10446, 0.38524, 0.02668, 0.01, 0, 0.99, 0.56285, 0.16022, 0.01751, 0.0162, 0, 0.84, 0.17535, 0.49153, 0.0246, 0.01162, 0, 0.52, 0.65664, 0.23275, 0.02567, 0.01253]"
d54736a5-GOPR6633,"[0, 0.99, 0.16517, 0.83829, 0.01921, 0.01625, 0, 0.63, 0.40105, 0.52748, 0.02057, 0.01677, 0, 0.98, 0.25627, 0.83361, 0.02139, 0.0164, 0, 0.65, 0.64873, 0.36659, 0.01804, 0.01345, 0, 0.77, 0.52485, 0.83825, 0.02116, 0.01041, 0, 0.7, 0.70986, 0.60493, 0.02565, 0.01205, 0, 0.54, 0.27662, 0.42061, 0.01706, 0.01534, 0, 0.78, 0.84596, 0.34254, 0.02655, 0.02256, 0, 0.86, 0.5113, 0.27201, 0.02221, 0.01757, 0, 0.88, 0.72539, 0.51292, 0.02234, 0.01236, 0, 0.67, 0.37678, 0.35217, 0.01309, 0.01529, 0, 0.78, 0.11694, 0.90771, 0.01595, 0.01019, 0, 0.98, 0.89407, 0.19175, 0.02605, 0.01386, 0, 0.72, 0.70896, 0.52024, 0.01375, 0.01257, 0, 0.95, 0.2615, 0.61043, 0.01871, 0.01, 0, 0.65, 0.3981, 0.92226, 0.02573, 0.01407, 0, 0.99, 0.70487, 0.3711, 0.02416, 0.01771, 0, 0.85, 0.92368, 0.59341, 0.01759, 0.01618, 0, 0.85, 0.15444, 0.79737, 0.0226, 0.01973, 0, 0.51, 0.88365, 0.37436, 0.01968, 0.01845, 0, 0.62, 0.55413, 0.26633, 0.02001, 0.01751, 0, 0.89, 0.07405, 0.37683, 0.01974, 0.01585, 0, 0.83, 0.50202, 0.499, 0.0142, 0.01036, 0, 0.62, 0.56441, 0.1148, 0.0224, 0.01, 0, 0.55, 0.51566, 0.39489, 0.02055, 0.01154, 0, 0.51, 0.39609, 0.85634, 0.01784, 0.01, 0, 0.83, 0.59357, 0.68595, 0.01711, 0.01494, 0, 0.64, 0.94648, 0.56647, 0.0225, 0.01303, 0, 0.91, 0.60717, 0.45658, 0.02042, 0.01875, 0, 0.69, 0.94228, 0.79656, 0.0116, 0.01611, 0, 0.88, 0.1359, 0.94596, 0.0241, 0.01805, 0, 0.78, 0.56838, 0.36374, 0.02616, 0.01696, 0, 0.63, 0.17024, 0.88671, 0.02101, 0.01164, 0, 0.65, 0.66188, 0.24076, 0.02, 0.01727, 0, 0.67, 0.74912, 0.18397, 0.0186, 0.01463, 0, 0.79, 0.38268, 0.78559, 0.0158, 0.01316, 0, 0.77, 0.33407, 0.71073, 0.01895, 0.01081, 0, 0.92, 0.81757, 0.483, 0.0212, 0.01, 0, 0.91, 0.0511, 0.70532, 0.0143, 0.0134, 0, 0.88, 0.78712, 0.59341, 0.02652, 0.01247, 0, 0.66, 0.18066, 0.69008, 0.02708, 0.01022, 0, 0.84, 0.5871, 0.90966, 0.01429, 0.01007, 0, 0.96, 0.33672, 0.79558, 0.02425, 0.0216, 0, 0.63, 0.73003, 0.71097, 0.01427, 0.01295, 0, 0.97, 0.59871, 0.83467, 0.01528, 0.01544, 0, 0.98, 0.24496, 0.48877, 0.02432, 0.01589, 0, 0.73, 0.46457, 0.93697, 0.03103, 0.01222, 0, 0.6, 0.25472, 0.12746, 0.01805, 0.01672, 0, 0.97, 0.60043, 0.88443, 0.01353, 0.01833, 0, 0.55, 0.40528, 0.49796, 0.01691, 0.01484, 0, 0.69, 0.47689, 0.27074, 0.01641, 0.0131, 0, 0.59, 0.08773, 0.7834, 0.0183, 0.02025, 0, 0.95, 0.45973, 0.60662, 0.02853, 0.01302]"
e84b9a6b-GOPR6639,"[0, 0.6, 0.05483, 0.6669, 0.02054, 0.0135, 0, 0.76, 0.38947, 0.5835, 0.01492, 0.01401, 0, 0.95, 0.8073, 0.41904, 0.02684, 0.01459, 0, 0.53, 0.42356, 0.86927, 0.01145, 0.01338, 0, 0.84, 0.74835, 0.4108, 0.02076, 0.01216, 0, 0.9, 0.44764, 0.25491, 0.01877, 0.0194, 0, 0.87, 0.41587, 0.94363, 0.02159, 0.01067, 0, 0.75, 0.09143, 0.63479, 0.02716, 0.01555, 0, 0.96, 0.51482, 0.82267, 0.02575, 0.01342, 0, 0.71, 0.26599, 0.88139, 0.02157, 0.01045, 0, 0.53, 0.52847, 0.88533, 0.02187, 0.02116, 0, 0.91, 0.37985, 0.20704, 0.02502, 0.01214, 0, 0.63, 0.28023, 0.26394, 0.02, 0.01475, 0, 0.76, 0.42116, 0.84313, 0.01792, 0.01274, 0, 0.83, 0.7975, 0.94149, 0.01, 0.02066, 0, 0.84, 0.25833, 0.53506, 0.01992, 0.01808, 0, 0.8, 0.88747, 0.78839, 0.02084, 0.02185, 0, 0.82, 0.12404, 0.59159, 0.01788, 0.01364, 0, 0.56, 0.71167, 0.5532, 0.02624, 0.01394, 0, 0.62, 0.7287, 0.56998, 0.01348, 0.01, 0, 0.54, 0.56485, 0.11237, 0.02119, 0.01271, 0, 0.97, 0.30192, 0.66535, 0.01952, 0.01636, 0, 0.91, 0.85477, 0.71616, 0.01977, 0.01021, 0, 0.9, 0.62991, 0.90461, 0.01041, 0.02056, 0, 0.7, 0.38094, 0.88536, 0.0145, 0.01271, 0, 0.92, 0.88592, 0.75542, 0.02169, 0.01454, 0, 0.62, 0.44444, 0.53253, 0.02037, 0.01, 0, 0.57, 0.8975, 0.06674, 0.02347, 0.01816, 0, 0.78, 0.59357, 0.74244, 0.02723, 0.011, 0, 0.8, 0.5941, 0.15588, 0.02092, 0.01, 0, 0.67, 0.65571, 0.62813, 0.0141, 0.01474, 0, 0.97, 0.56911, 0.83129, 0.01667, 0.01055, 0, 0.78, 0.05543, 0.58919, 0.01967, 0.01003, 0, 0.74, 0.37833, 0.73069, 0.02281, 0.01539, 0, 0.89, 0.69097, 0.58626, 0.01803, 0.01447, 0, 0.53, 0.32391, 0.49661, 0.01503, 0.01675, 0, 0.96, 0.57676, 0.65998, 0.01508, 0.02259, 0, 0.74, 0.39259, 0.85354, 0.01201, 0.01, 0, 0.82, 0.52983, 0.47767, 0.01574, 0.01795, 0, 0.99, 0.21195, 0.56936, 0.01178, 0.01024, 0, 0.7, 0.82214, 0.59244, 0.02127, 0.01138, 0, 0.9, 0.16627, 0.93171, 0.01327, 0.01497, 0, 0.89, 0.20668, 0.1853, 0.01826, 0.01893, 0, 0.75, 0.33167, 0.20703, 0.01708, 0.02037, 0, 0.51, 0.85998, 0.37246, 0.01324, 0.01325, 0, 0.9, 0.24015, 0.5831, 0.02279, 0.01529, 0, 0.85, 0.82812, 0.58582, 0.01635, 0.01]"
50990abb-GOPR6713,"[0, 0.86, 0.51149, 0.23224, 0.01483, 0.01207, 0, 0.66, 0.7742, 0.7376, 0.02481, 0.01692, 0, 0.69, 0.35493, 0.36371, 0.01775, 0.01109, 0, 0.91, 0.50012, 0.2268, 0.01843, 0.01, 0, 0.82, 0.73615, 0.76838, 0.014, 0.01156, 0, 0.95, 0.07658, 0.43821, 0.01773, 0.01083, 0, 0.52, 0.89257, 0.44999, 0.01887, 0.01707, 0, 0.79, 0.32383, 0.18701, 0.03521, 0.01186, 0, 0.8, 0.32359, 0.4506, 0.01641, 0.02245, 0, 0.55, 0.30411, 0.14759, 0.0228, 0.01, 0, 0.64, 0.84748, 0.86197, 0.01942, 0.01058, 0, 0.63, 0.65437, 0.12054, 0.02517, 0.01946, 0, 0.92, 0.29158, 0.57216, 0.01539, 0.01864, 0, 0.66, 0.86828, 0.54731, 0.01821, 0.01809, 0, 0.89, 0.18325, 0.32254, 0.01351, 0.01192, 0, 0.77, 0.24984, 0.63396, 0.02125, 0.01797, 0, 0.86, 0.19288, 0.1079, 0.02525, 0.01487, 0, 0.74, 0.12263, 0.49705, 0.03004, 0.01283, 0, 0.57, 0.72229, 0.75297, 0.01658, 0.01445, 0, 0.78, 0.68378, 0.27258, 0.02506, 0.01339, 0, 0.71, 0.74247, 0.86093, 0.01887, 0.01039, 0, 0.55, 0.28491, 0.72775, 0.0167, 0.02017, 0, 0.55, 0.30384, 0.75614, 0.02169, 0.01272, 0, 0.57, 0.20874, 0.25406, 0.01376, 0.01539, 0, 0.57, 0.36712, 0.11959, 0.02126, 0.01345]"
c4de9ccd-GOPR6722,"[0, 0.52, 0.19003, 0.83035, 0.0185, 0.01065, 0, 0.84, 0.05849, 0.82586, 0.02113, 0.01839, 0, 0.9, 0.31534, 0.61077, 0.02554, 0.01494, 0, 0.51, 0.1387, 0.71674, 0.0177, 0.02177, 0, 0.58, 0.94828, 0.32948, 0.02021, 0.01736, 0, 0.72, 0.51071, 0.4087, 0.0248, 0.01624, 0, 0.81, 0.32875, 0.11594, 0.01683, 0.01122, 0, 0.59, 0.42322, 0.65007, 0.02104, 0.01599, 0, 0.67, 0.85605, 0.83862, 0.01743, 0.01684, 0, 0.93, 0.60741, 0.75503, 0.0263, 0.01105]"
1ffbb9fb-GOPR6788,"[0, 0.98, 0.25244, 0.53098, 0.01517, 0.01314, 0, 0.65, 0.87782, 0.14167, 0.02128, 0.01697, 0, 0.84, 0.28552, 0.52584, 0.02513, 0.01272, 0, 0.63, 0.94988, 0.76048, 0.01551, 0.01536, 0, 0.95, 0.90785, 0.35284, 0.02597, 0.01, 0, 0.63, 0.74521, 0.43979, 0.02252, 0.01757, 0, 0.78, 0.6435, 0.25367, 0.02865, 0.01122, 0, 0.89, 0.32989, 0.3517, 0.01612, 0.01247, 0, 0.76, 0.74367, 0.63334, 0.01361, 0.01256, 0, 0.54, 0.78887, 0.45579, 0.02039, 0.0136, 0, 0.92, 0.4426, 0.38812, 0.02092, 0.0235, 0, 0.83, 0.80552, 0.17429, 0.0162, 0.01254, 0, 0.83, 0.82323, 0.36659, 0.01093, 0.01968, 0, 0.79, 0.26054, 0.84362, 0.01253, 0.01168, 0, 0.93, 0.32989, 0.41291, 0.01803, 0.01233, 0, 0.61, 0.23894, 0.34543, 0.01748, 0.01, 0, 0.87, 0.84786, 0.49252, 0.01143, 0.0102, 0, 0.87, 0.14423, 0.62147, 0.01681, 0.01153, 0, 0.98, 0.05509, 0.72568, 0.01617, 0.01701, 0, 0.97, 0.21451, 0.61202, 0.01361, 0.0147, 0, 0.64, 0.93943, 0.14288, 0.03097, 0.01325, 0, 0.72, 0.71123, 0.26204, 0.02022, 0.01, 0, 0.63, 0.63947, 0.88325, 0.01985, 0.01462]"
92d657c4-GOPR6545,"[0, 0.65, 0.92123, 0.24067, 0.03048, 0.01, 0, 0.55, 0.88875, 0.76496, 0.02046, 0.01966, 0, 0.5, 0.52001, 0.12724, 0.02434, 0.01453, 0, 0.63, 0.58228, 0.63774, 0.02074, 0.01588, 0, 0.8, 0.18263, 0.50031, 0.01882, 0.01247, 0, 0.82, 0.94007, 0.72441, 0.01633, 0.01563, 0, 0.54, 0.10018, 0.52588, 0.0199, 0.01, 0, 0.68, 0.14322, 0.19388, 0.02246, 0.01, 0, 0.84, 0.82278, 0.43751, 0.01469, 0.0127, 0, 0.5, 0.21734, 0.08918, 0.02784, 0.01303, 0, 0.91, 0.08087, 0.29592, 0.01519, 0.0141, 0, 0.68, 0.88566, 0.32209, 0.01882, 0.01504, 0, 0.67, 0.59687, 0.43235, 0.02918, 0.01736, 0, 0.76, 0.89025, 0.37758, 0.02704, 0.0174, 0, 0.74, 0.86992, 0.60819, 0.01737, 0.01389, 0, 0.76, 0.74564, 0.77172, 0.01688, 0.01]"
204f5fff-GOPR6799,"[0, 0.68, 0.1133, 0.79171, 0.02346, 0.01831, 0, 0.78, 0.23948, 0.87823, 0.02089, 0.01632, 0, 0.59, 0.64514, 0.11978, 0.01239, 0.01761, 0, 0.51, 0.60946, 0.08604, 0.01802, 0.01, 0, 0.52, 0.12011, 0.80372, 0.02805, 0.01, 0, 0.82, 0.49144, 0.39015, 0.02468, 0.01735, 0, 0.61, 0.81124, 0.43888, 0.01514, 0.01799, 0, 0.99, 0.12431, 0.73723, 0.01996, 0.0213, 0, 0.59, 0.7635, 0.20682, 0.03069, 0.01479, 0, 0.79, 0.06008, 0.08776, 0.01802, 0.01757, 0, 0.83, 0.83008, 0.84069, 0.01543, 0.01052, 0, 0.57, 0.28408, 0.87161, 0.01443, 0.01688, 0, 0.77, 0.53857, 0.56298, 0.02405, 0.01405, 0, 0.99, 0.75667, 0.3387, 0.02429, 0.01053, 0, 0.82, 0.78588, 0.63163, 0.01528, 0.0114, 0, 0.8, 0.37843, 0.81975, 0.02787, 0.0127, 0, 0.98, 0.16229, 0.52492, 0.01555, 0.01004, 0, 0.79, 0.41643, 0.86907, 0.02021, 0.01926, 0, 0.65, 0.26941, 0.41691, 0.01743, 0.01, 0, 0.88, 0.52983, 0.72986, 0.01926, 0.01393, 0, 0.62, 0.89178, 0.1882, 0.02484, 0.01043, 0, 0.6, 0.74041, 0.33659, 0.01804, 0.0186, 0, 0.87, 0.80042, 0.90864, 0.01714, 0.01824, 0, 0.78, 0.12432, 0.91761, 0.02248, 0.0131, 0, 0.9, 0.24884, 0.90049, 0.02014, 0.01131, 0, 0.92, 0.4251, 0.22843, 0.01, 0.01123, 0, 0.7, 0.79973, 0.7163, 0.0193, 0.01565, 0, 0.76, 0.13164, 0.3872, 0.02299, 0.01808, 0, 0.58, 0.60758, 0.64353, 0.01484, 0.02432, 0, 0.84, 0.16152, 0.44797, 0.02069, 0.01, 0, 0.91, 0.31387, 0.08982, 0.02265, 0.01546, 0, 0.57, 0.6448, 0.66375, 0.02191, 0.01933, 0, 0.71, 0.83582, 0.51147, 0.02488, 0.01559, 0, 0.59, 0.90702, 0.74438, 0.0229, 0.01352, 0, 0.78, 0.77731, 0.79985, 0.02474, 0.01634, 0, 0.52, 0.91742, 0.14794, 0.02513, 0.01588, 0, 0.97, 0.86481, 0.6693, 0.01862, 0.01, 0, 0.54, 0.20603, 0.76659, 0.01568, 0.01, 0, 0.99, 0.5653, 0.76463, 0.02005, 0.01075, 0, 0.73, 0.68565, 0.48521, 0.01579, 0.01934, 0, 0.88, 0.36389, 0.86783, 0.02071, 0.01648, 0, 0.64, 0.32631, 0.13846, 0.02029, 0.0207, 0, 0.6, 0.39193, 0.27462, 0.01338, 0.01338, 0, 0.76, 0.73965, 0.73269, 0.02356, 0.01, 0, 0.67, 0.90216, 0.75436, 0.01838, 0.01767, 0, 0.99, 0.1022, 0.21998, 0.01906, 0.01, 0, 0.86, 0.34115, 0.48798, 0.01842, 0.01726]"
2a694f42-GOPR6594,"[0, 0.98, 0.3784, 0.22474, 0.01814, 0.01641, 0, 0.6, 0.70346, 0.15662, 0.01998, 0.01, 0, 0.63, 0.17599, 0.75891, 0.01375, 0.01848, 0, 0.8, 0.79659, 0.06345, 0.01604, 0.01, 0, 0.81, 0.55324, 0.12452, 0.02199, 0.0138, 0, 0.84, 0.67791, 0.12932, 0.0176, 0.01381, 0, 0.61, 0.11323, 0.80979, 0.02427, 0.01188, 0, 0.51, 0.54792, 0.24591, 0.02262, 0.01444, 0, 0.79, 0.66492, 0.31607, 0.01007, 0.01588, 0, 0.95, 0.46871, 0.69607, 0.02283, 0.01573, 0, 0.65, 0.55289, 0.81952, 0.02022, 0.01698, 0, 0.66, 0.94464, 0.48055, 0.02425, 0.01766, 0, 0.98, 0.66446, 0.83025, 0.0178, 0.01376, 0, 1.0, 0.5336, 0.48727, 0.02764, 0.01514, 0, 0.88, 0.34579, 0.3856, 0.01367, 0.02343]"
2d642a0c-GOPR6677,[]
5650d253-GOPR6579,"[0, 0.91, 0.77583, 0.50293, 0.02352, 0.01, 0, 0.61, 0.83993, 0.46425, 0.01182, 0.01195, 0, 0.87, 0.86203, 0.55262, 0.01814, 0.01983, 0, 0.61, 0.5826, 0.76032, 0.01782, 0.01695, 0, 0.54, 0.77008, 0.78132, 0.01511, 0.0165, 0, 0.8, 0.58273, 0.60415, 0.01939, 0.02563, 0, 0.95, 0.29483, 0.61968, 0.02903, 0.01, 0, 0.91, 0.4459, 0.90914, 0.02873, 0.01836, 0, 0.86, 0.6968, 0.91419, 0.02848, 0.01089, 0, 0.55, 0.66649, 0.07077, 0.01428, 0.02219, 0, 0.82, 0.87549, 0.22309, 0.01979, 0.01414, 0, 1.0, 0.81433, 0.44874, 0.01129, 0.01538, 0, 0.75, 0.13469, 0.30373, 0.01228, 0.01743, 0, 0.89, 0.63799, 0.20806, 0.01807, 0.01187, 0, 0.86, 0.47637, 0.37223, 0.02173, 0.01158, 0, 0.89, 0.27327, 0.57992, 0.01573, 0.01275, 0, 0.91, 0.39977, 0.8705, 0.01858, 0.01938, 0, 0.5, 0.32995, 0.51039, 0.01124, 0.01088, 0, 0.57, 0.49722, 0.34465, 0.02027, 0.01483, 0, 0.79, 0.14978, 0.45877, 0.01974, 0.01445, 0, 0.99, 0.71533, 0.48474, 0.02753, 0.01242, 0, 0.87, 0.75955, 0.44603, 0.01912, 0.01272, 0, 0.59, 0.36682, 0.21156, 0.01416, 0.0141, 0, 0.52, 0.85372, 0.63493, 0.02216, 0.01649, 0, 0.85, 0.15258, 0.53712, 0.01853, 0.02377]"
450f16e2-GOPR6777,"[0, 0.58, 0.41526, 0.20056, 0.02252, 0.01305, 0, 0.76, 0.18552, 0.53622, 0.02875, 0.01365, 0, 0.93, 0.86858, 0.19808, 0.02337, 0.01022, 0, 0.82, 0.10868, 0.7828, 0.01782, 0.0134]"
7e8035e8-GOPR6689,"[0, 0.64, 0.70825, 0.19009, 0.02568, 0.0206, 0, 0.92, 0.67478, 0.69975, 0.02444, 0.01232, 0, 0.78, 0.08897, 0.81505, 0.02366, 0.01045, 0, 0.79, 0.33197, 0.42959, 0.03204, 0.02029, 0, 0.58, 0.16926, 0.06115, 0.01, 0.01059, 0, 0.62, 0.08256, 0.42864, 0.02686, 0.01364, 0, 0.97, 0.43296, 0.73839, 0.02593, 0.02459, 0, 0.7, 0.3901, 0.2664, 0.0211, 0.01188, 0, 0.86, 0.09976, 0.48972, 0.02556, 0.01, 0, 0.56, 0.32769, 0.79059, 0.01372, 0.01128, 0, 0.64, 0.08075, 0.69117, 0.01395, 0.01396, 0, 0.78, 0.5538, 0.55051, 0.02043, 0.02117, 0, 0.59, 0.21829, 0.0886, 0.01304, 0.01478, 0, 0.68, 0.75933, 0.83043, 0.02228, 0.01539, 0, 0.65, 0.73955, 0.64958, 0.01686, 0.01163, 0, 0.91, 0.53869, 0.58941, 0.01522, 0.01172, 0, 0.86, 0.55143, 0.28923, 0.02591, 0.01896, 0, 0.71, 0.91192, 0.9044, 0.02335, 0.01465, 0, 0.72, 0.65486, 0.61842, 0.01423, 0.01, 0, 0.81, 0.18612, 0.56775, 0.01, 0.01, 0, 0.84, 0.83495, 0.80431, 0.01877, 0.01129, 0, 0.65, 0.12758, 0.48545, 0.0273, 0.01716, 0, 0.58, 0.78828, 0.79238, 0.01797, 0.01677, 0, 0.83, 0.50668, 0.25359, 0.01606, 0.02526, 0, 0.57, 0.68605, 0.34078, 0.01851, 0.01473, 0, 0.81, 0.54151, 0.7148, 0.01271, 0.01034, 0, 0.86, 0.10655, 0.14498, 0.02575, 0.01, 0, 0.94, 0.12661, 0.48084, 0.0226, 0.01741, 0, 0.54, 0.58276, 0.89765, 0.03006, 0.01377, 0, 0.61, 0.15394, 0.61251, 0.0218, 0.01214, 0, 0.89, 0.58027, 0.93675, 0.0177, 0.01745, 0, 0.91, 0.39464, 0.93189, 0.02371, 0.01, 0, 0.87, 0.43511, 0.92598, 0.02346, 0.01878, 0, 0.69, 0.10525, 0.92952, 0.01642, 0.01028, 0, 0.89, 0.82875, 0.27042, 0.02579, 0.01897, 0, 0.91, 0.70671, 0.33015, 0.02359, 0.01358, 0, 0.73, 0.0957, 0.28274, 0.01277, 0.01, 0, 0.97, 0.37626, 0.38341, 0.01526, 0.01]"
0e8671d1-GOPR6626,"[0, 0.74, 0.76763, 0.53474, 0.01769, 0.01335, 0, 0.58, 0.29414, 0.1073, 0.02118, 0.0198, 0, 0.53, 0.89779, 0.86871, 0.01913, 0.01334, 0, 0.68, 0.26155, 0.5914, 0.01346, 0.02102, 0, 0.97, 0.16287, 0.05654, 0.02356, 0.01, 0, 0.99, 0.53589, 0.8556, 0.02086, 0.01309, 0, 0.75, 0.20564, 0.77354, 0.02514, 0.01582, 0, 0.57, 0.76743, 0.76095, 0.02606, 0.01, 0, 0.76, 0.4955, 0.05901, 0.01481, 0.01953, 0, 0.8, 0.65218, 0.36814, 0.01944, 0.01305, 0, 0.57, 0.35633, 0.41055, 0.02929, 0.01644, 0, 0.76, 0.81334, 0.22436, 0.01494, 0.01, 0, 0.65, 0.27657, 0.53946, 0.02044, 0.01351, 0, 0.67, 0.52094, 0.91069, 0.025, 0.01967, 0, 0.65, 0.12319, 0.47702, 0.01419, 0.01841, 0, 0.91, 0.22714, 0.87924, 0.0209, 0.01975, 0, 0.8, 0.83854, 0.46119, 0.0238, 0.01042, 0, 0.84, 0.659, 0.36561, 0.0178, 0.01486, 0, 0.8, 0.82629, 0.42991, 0.022, 0.02168, 0, 0.66, 0.38555, 0.60642, 0.02452, 0.01, 0, 0.89, 0.26387, 0.43903, 0.01676, 0.01, 0, 0.63, 0.87719, 0.51061, 0.01998, 0.01544, 0, 0.76, 0.2669, 0.4184, 0.01404, 0.0153, 0, 0.67, 0.90939, 0.88008, 0.02308, 0.01551, 0, 0.53, 0.41644, 0.18819, 0.01566, 0.01841, 0, 0.93, 0.35255, 0.40467, 0.01321, 0.01, 0, 0.64, 0.94999, 0.34288, 0.0138, 0.01, 0, 0.77, 0.68571, 0.22071, 0.02102, 0.01506, 0, 0.91, 0.30236, 0.90673, 0.01541, 0.01402, 0, 0.96, 0.11751, 0.66029, 0.02356, 0.01033, 0, 0.58, 0.10483, 0.06552, 0.03294, 0.01398, 0, 0.83, 0.60423, 0.93255, 0.01277, 0.01422, 0, 0.61, 0.36704, 0.51292, 0.02508, 0.01, 0, 0.98, 0.91875, 0.19778, 0.02245, 0.02076, 0, 0.55, 0.79915, 0.49825, 0.02047, 0.01, 0, 0.71, 0.37186, 0.65982, 0.02273, 0.01334, 0, 0.81, 0.62909, 0.86432, 0.02388, 0.01563, 0, 0.52, 0.51023, 0.71234, 0.02027, 0.01232, 0, 0.89, 0.59195, 0.2664, 0.02135, 0.02096, 0, 0.87, 0.90698, 0.36117, 0.01139, 0.01385, 0, 0.82, 0.90264, 0.52274, 0.03397, 0.01336, 0, 0.94, 0.39911, 0.4335, 0.01949, 0.01401, 0, 0.87, 0.32093, 0.72634, 0.03282, 0.01294, 0, 0.51, 0.43972, 0.06477, 0.01324, 0.01353, 0, 0.51, 0.73554, 0.71712, 0.02795, 0.01, 0, 0.75, 0.84926, 0.76645, 0.01788, 0.01, 0, 0.58, 0.46826, 0.79698, 0.01197, 0.01543]"
483b2b68-GOPR6740,"[0, 0.9, 0.47424, 0.5741, 0.01613, 0.02178, 0, 0.97, 0.65809, 0.05251, 0.02445, 0.01104, 0, 0.69, 0.32842, 0.34885, 0.02119, 0.02175, 0, 0.66, 0.79775, 0.39688, 0.02097, 0.01166, 0, 0.68, 0.20038, 0.51326, 0.01636, 0.02142, 0, 0.53, 0.48581, 0.41498, 0.01713, 0.01, 0, 0.53, 0.90332, 0.62886, 0.01164, 0.01711, 0, 0.54, 0.30481, 0.30281, 0.02196, 0.0112, 0, 0.84, 0.52996, 0.62419, 0.01402, 0.01515, 0, 0.8, 0.16693, 0.05235, 0.02202, 0.01367, 0, 0.68, 0.18454, 0.38427, 0.01736, 0.01981, 0, 0.72, 0.35601, 0.80993, 0.01825, 0.0166, 0, 0.77, 0.14409, 0.12992, 0.01741, 0.0138, 0, 0.66, 0.41806, 0.45552, 0.01, 0.01125, 0, 0.54, 0.14236, 0.19225, 0.01922, 0.01682, 0, 0.99, 0.52291, 0.40493, 0.02184, 0.01, 0, 0.51, 0.08089, 0.3698, 0.01743, 0.01061, 0, 0.9, 0.63911, 0.64427, 0.02152, 0.01355, 0, 0.55, 0.49339, 0.33725, 0.01853, 0.01, 0, 0.59, 0.27324, 0.77156, 0.01396, 0.02061, 0, 0.94, 0.90535, 0.15488, 0.0137, 0.01283, 0, 0.59, 0.10222, 0.54119, 0.01643, 0.01, 0, 0.59, 0.32005, 0.94847, 0.01722, 0.01878, 0, 0.62, 0.62896, 0.82204, 0.01616, 0.01078, 0, 0.55, 0.6531, 0.68298, 0.01759, 0.01396, 0, 0.73, 0.21185, 0.42753, 0.02608, 0.01878, 0, 0.95, 0.49244, 0.30887, 0.02371, 0.02043, 0, 0.97, 0.9121, 0.4352, 0.01155, 0.01204, 0, 0.92, 0.37886, 0.20041, 0.01794, 0.01317, 0, 0.55, 0.83273, 0.74112, 0.01328, 0.01, 0, 0.51, 0.4645, 0.30231, 0.02921, 0.01483, 0, 0.64, 0.9103, 0.36104, 0.01555, 0.01059, 0, 0.77, 0.8937, 0.3225, 0.01453, 0.01904, 0, 0.61, 0.20082, 0.80926, 0.02475, 0.01, 0, 0.63, 0.6367, 0.15974, 0.02273, 0.01871, 0, 0.86, 0.64222, 0.29706, 0.02082, 0.01396, 0, 0.94, 0.70524, 0.08165, 0.02463, 0.0205]"
8f3c7e90-GOPR0094,"[0, 1.0, 0.60383, 0.5375, 0.02196, 0.01, 0, 0.8, 0.35254, 0.0563, 0.02193, 0.01071, 0, 0.64, 0.43094, 0.53948, 0.01626, 0.01835, 0, 0.89, 0.40165, 0.89509, 0.0226, 0.01369, 0, 0.96, 0.40427, 0.47606, 0.01786, 0.01299, 0, 0.65, 0.1734, 0.10343, 0.01806, 0.01292, 0, 0.53, 0.88448, 0.79593, 0.01987, 0.02046, 0, 0.99, 0.78848, 0.85853, 0.01796, 0.01512, 0, 0.77, 0.88773, 0.8593, 0.01795, 0.01548, 0, 0.99, 0.07642, 0.23686, 0.01306, 0.01802, 0, 0.85, 0.66543, 0.39223, 0.02132, 0.0183, 0, 0.69, 0.80574, 0.63824, 0.01868, 0.01629, 0, 0.52, 0.41197, 0.24165, 0.01804, 0.01732, 0, 0.93, 0.15261, 0.25862, 0.02715, 0.01, 0, 0.97, 0.19547, 0.81968, 0.02188, 0.01432, 0, 0.75, 0.57577, 0.73201, 0.03058, 0.01375]"
ff4b265f-GOPR6712,[]
f4d8eda2-GOPR6761,"[0, 0.68, 0.59271, 0.85297, 0.02161, 0.01262, 0, 0.91, 0.05156, 0.14688, 0.02391, 0.0156, 0, 0.82, 0.1973, 0.94067, 0.02489, 0.01, 0, 0.75, 0.75837, 0.58848, 0.0174, 0.01465, 0, 0.71, 0.60195, 0.06327, 0.02569, 0.01775, 0, 0.94, 0.20987, 0.20877, 0.02067, 0.01, 0, 0.92, 0.81113, 0.27562, 0.016, 0.01564, 0, 0.94, 0.41812, 0.52189, 0.01658, 0.01521, 0, 0.95, 0.51269, 0.74291, 0.01997, 0.0166, 0, 0.59, 0.43696, 0.05951, 0.02358, 0.0113, 0, 0.66, 0.41137, 0.11178, 0.01264, 0.01, 0, 0.88, 0.46199, 0.14556, 0.02246, 0.01, 0, 0.93, 0.7265, 0.42295, 0.02043, 0.01, 0, 0.53, 0.54155, 0.51166, 0.02175, 0.01549, 0, 0.84, 0.58118, 0.7765, 0.01995, 0.01738, 0, 0.52, 0.34866, 0.72646, 0.02393, 0.01135, 0, 0.76, 0.19783, 0.12518, 0.01191, 0.01132, 0, 0.54, 0.80855, 0.11994, 0.01743, 0.01264, 0, 0.83, 0.90251, 0.26908, 0.02404, 0.02461, 0, 0.56, 0.38528, 0.64215, 0.03745, 0.01394, 0, 0.91, 0.54243, 0.49946, 0.02535, 0.02006, 0, 0.63, 0.53392, 0.61268, 0.01704, 0.01, 0, 0.51, 0.53173, 0.15011, 0.02184, 0.011, 0, 0.77, 0.61907, 0.9476, 0.02246, 0.01673, 0, 0.66, 0.09509, 0.76022, 0.02037, 0.01891, 0, 0.74, 0.54134, 0.91713, 0.02413, 0.01409, 0, 0.6, 0.4671, 0.76025, 0.01865, 0.01786, 0, 0.79, 0.57957, 0.16245, 0.01736, 0.01426, 0, 0.89, 0.68673, 0.31455, 0.02599, 0.01438, 0, 0.66, 0.89769, 0.50334, 0.01195, 0.01546, 0, 0.65, 0.28021, 0.83825, 0.02422, 0.01377, 0, 0.63, 0.32724, 0.93193, 0.01632, 0.01965, 0, 0.87, 0.36571, 0.35038, 0.0188, 0.01305, 0, 0.59, 0.8697, 0.93298, 0.03008, 0.01067, 0, 0.62, 0.69911, 0.07839, 0.01892, 0.01602, 0, 0.85, 0.1328, 0.34534, 0.02674, 0.01427, 0, 0.6, 0.34128, 0.55954, 0.0216, 0.0128, 0, 0.68, 0.92341, 0.61114, 0.02148, 0.01918, 0, 0.6, 0.15663, 0.27911, 0.0176, 0.01108, 0, 0.52, 0.43103, 0.85038, 0.0239, 0.01162, 0, 0.91, 0.85702, 0.91085, 0.0185, 0.01661, 0, 0.9, 0.66116, 0.49869, 0.01622, 0.01496, 0, 0.88, 0.52784, 0.86957, 0.01703, 0.01266, 0, 0.62, 0.23621, 0.23513, 0.03266, 0.01266, 0, 0.58, 0.32836, 0.89256, 0.03049, 0.01, 0, 0.63, 0.05018, 0.12045, 0.01, 0.01297, 0, 0.9, 0.62595, 0.75309, 0.02113, 0.01444, 0, 0.7, 0.45785, 0.79694, 0.01177, 0.01833, 0, 0.6, 0.63949, 0.54562, 0.01541, 0.01, 0, 0.67, 0.34929, 0.35835, 0.02068, 0.02162, 0, 0.66, 0.44707, 0.54038, 0.01469, 0.01599, 0, 0.82, 0.70731, 0.35255, 0.02478, 0.01365, 0, 0.55, 0.94148, 0.40252, 0.02139, 0.01678, 0, 0.7, 0.38191, 0.40134, 0.01854, 0.01602, 0, 0.92, 0.42319, 0.53603, 0.02772, 0.01796, 0, 0.87, 0.38143, 0.76327, 0.01, 0.01937, 0, 0.92, 0.19531, 0.34123, 0.02723, 0.01823, 0, 0.51, 0.22296, 0.87999, 0.02203, 0.01916, 0, 0.55, 0.14309, 0.62713, 0.0151, 0.01305]"
b48c16ce-GOPR6764,"[0, 0.6, 0.31542, 0.85838, 0.02748, 0.01713, 0, 0.82, 0.76613, 0.43002, 0.02035, 0.01583, 0, 0.67, 0.65238, 0.0525, 0.0247, 0.02238, 0, 0.97, 0.75976, 0.58827, 0.01528, 0.01606, 0, 0.79, 0.16916, 0.74255, 0.01454, 0.01237, 0, 0.51, 0.41406, 0.42238, 0.02224, 0.01655, 0, 0.89, 0.12104, 0.66494, 0.01749, 0.01527, 0, 0.73, 0.15809, 0.17256, 0.02715, 0.01123, 0, 0.79, 0.68419, 0.14156, 0.02277, 0.01119, 0, 0.69, 0.60314, 0.48076, 0.02463, 0.01314, 0, 0.56, 0.75689, 0.2522, 0.0196, 0.01263, 0, 0.85, 0.35746, 0.79853, 0.02912, 0.01, 0, 0.96, 0.05362, 0.58719, 0.01894, 0.01508, 0, 0.71, 0.76579, 0.4742, 0.01768, 0.01, 0, 0.78, 0.46431, 0.53762, 0.03139, 0.01363, 0, 0.77, 0.40358, 0.67246, 0.01788, 0.01119, 0, 0.85, 0.64865, 0.49908, 0.02148, 0.01319, 0, 0.65, 0.12495, 0.35693, 0.01751, 0.01243, 0, 0.99, 0.60935, 0.57345, 0.02158, 0.01062, 0, 0.81, 0.61458, 0.40879, 0.01737, 0.01457, 0, 0.79, 0.64175, 0.25473, 0.02195, 0.01312, 0, 0.52, 0.50262, 0.6164, 0.01069, 0.01335, 0, 0.93, 0.75588, 0.48918, 0.01784, 0.01818, 0, 0.9, 0.61591, 0.6113, 0.01936, 0.01058, 0, 0.74, 0.41771, 0.5076, 0.02563, 0.01678, 0, 0.53, 0.80408, 0.18679, 0.02699, 0.0127, 0, 0.54, 0.76612, 0.0749, 0.01, 0.01665, 0, 0.53, 0.83793, 0.05551, 0.01, 0.01515, 0, 0.87, 0.78454, 0.34101, 0.01902, 0.01941, 0, 0.92, 0.58833, 0.13168, 0.02977, 0.01177, 0, 0.98, 0.61557, 0.70341, 0.01521, 0.01687, 0, 0.88, 0.47778, 0.79482, 0.02229, 0.01]"
838f982d-GOPR6551,"[0, 0.54, 0.52066, 0.2516, 0.02182, 0.01208, 0, 0.95, 0.32786, 0.56825, 0.02043, 0.01, 0, 0.81, 0.10099, 0.92743, 0.01227, 0.0139, 0, 0.97, 0.78712, 0.86119, 0.01225, 0.01466, 0, 0.57, 0.16794, 0.76739, 0.01963, 0.01, 0, 0.52, 0.38937, 0.33888, 0.026, 0.01, 0, 0.59, 0.82148, 0.17125, 0.01493, 0.01475, 0, 0.67, 0.29681, 0.34703, 0.01661, 0.01878, 0, 0.74, 0.08508, 0.31213, 0.01452, 0.01232, 0, 0.93, 0.66494, 0.40423, 0.02451, 0.01705, 0, 0.69, 0.73992, 0.57945, 0.01981, 0.01576, 0, 0.67, 0.72013, 0.31923, 0.01253, 0.0166, 0, 0.65, 0.92901, 0.29267, 0.02125, 0.01, 0, 0.81, 0.34673, 0.64509, 0.01972, 0.01965, 0, 0.73, 0.88911, 0.89064, 0.0157, 0.01635, 0, 0.98, 0.54292, 0.88974, 0.01436, 0.01213, 0, 0.64, 0.72073, 0.5452, 0.0238, 0.01246, 0, 0.9, 0.26426, 0.56947, 0.02913, 0.0172, 0, 0.84, 0.40855, 0.75114, 0.02563, 0.01873, 0, 0.6, 0.52192, 0.65449, 0.01417, 0.01, 0, 0.9, 0.21341, 0.45034, 0.02398, 0.01843, 0, 1.0, 0.85802, 0.80218, 0.01, 0.01363, 0, 0.97, 0.35114, 0.68447, 0.01983, 0.01369, 0, 0.58, 0.82681, 0.87004, 0.01526, 0.01029, 0, 0.8, 0.78581, 0.56173, 0.02497, 0.0128, 0, 0.79, 0.77924, 0.44073, 0.02067, 0.01124, 0, 0.65, 0.42104, 0.36296, 0.01593, 0.01185, 0, 0.75, 0.82937, 0.86979, 0.01935, 0.01444, 0, 0.77, 0.69551, 0.33791, 0.01686, 0.02118, 0, 0.63, 0.19753, 0.83552, 0.0189, 0.02418, 0, 0.56, 0.33761, 0.27848, 0.0189, 0.01099, 0, 0.58, 0.31934, 0.68651, 0.01551, 0.0118, 0, 0.89, 0.52957, 0.44342, 0.02467, 0.02637, 0, 0.95, 0.05249, 0.684, 0.02129, 0.01537, 0, 0.7, 0.33561, 0.27391, 0.01528, 0.01441, 0, 0.55, 0.25198, 0.48782, 0.02695, 0.01148, 0, 0.96, 0.68625, 0.85583, 0.02257, 0.01254, 0, 0.8, 0.32628, 0.60354, 0.02258, 0.01519, 0, 0.74, 0.82578, 0.67308, 0.02785, 0.01225, 0, 0.95, 0.93939, 0.85096, 0.0153, 0.01, 0, 0.6, 0.31651, 0.28657, 0.01682, 0.01312, 0, 0.72, 0.15823, 0.75332, 0.02018, 0.01662, 0, 0.98, 0.51219, 0.30604, 0.02156, 0.01, 0, 0.74, 0.45823, 0.09386, 0.02668, 0.01623, 0, 0.7, 0.58912, 0.47734, 0.01129, 0.01]"
8602ce67-GOPR6687,"[0, 0.54, 0.47333, 0.88013, 0.01, 0.0137, 0, 0.56, 0.32109, 0.59846, 0.01921, 0.02012, 0, 0.51, 0.18921, 0.56926, 0.0169, 0.01904, 0, 0.61, 0.5042, 0.34567, 0.01275, 0.01265, 0, 0.75, 0.46434, 0.93369, 0.03079, 0.01078, 0, 0.8, 0.391, 0.05106, 0.01916, 0.01297, 0, 0.72, 0.52551, 0.6907, 0.01706, 0.01, 0, 0.73, 0.58618, 0.73653, 0.01009, 0.01545, 0, 0.53, 0.17586, 0.08602, 0.02351, 0.01589, 0, 0.79, 0.53861, 0.76425, 0.02133, 0.01583, 0, 0.58, 0.12701, 0.55155, 0.02232, 0.01426, 0, 0.72, 0.1048, 0.45101, 0.01853, 0.01324]"
1cf3c7af-GOPR6787,[]
024cfeb7-GOPR6549,"[0, 0.72, 0.18398, 0.10627, 0.02058, 0.01321, 0, 0.52, 0.8442, 0.40921, 0.01469, 0.02316, 0, 0.99, 0.75976, 0.11498, 0.02266, 0.01, 0, 0.7, 0.63425, 0.28371, 0.0265, 0.02027, 0, 0.74, 0.72666, 0.61576, 0.01934, 0.01853, 0, 0.71, 0.31727, 0.7576, 0.01817, 0.01255, 0, 0.72, 0.60634, 0.63978, 0.01984, 0.01695, 0, 0.92, 0.928, 0.51729, 0.02216, 0.01227, 0, 0.7, 0.67368, 0.67141, 0.01979, 0.01201, 0, 0.72, 0.93381, 0.07564, 0.01851, 0.01088, 0, 0.75, 0.52843, 0.87723, 0.01688, 0.02511, 0, 0.52, 0.17711, 0.41617, 0.02531, 0.01, 0, 0.97, 0.35768, 0.17164, 0.02395, 0.01505, 0, 0.87, 0.71012, 0.4058, 0.02077, 0.01607, 0, 0.9, 0.19619, 0.54097, 0.01299, 0.01658, 0, 0.8, 0.10291, 0.92169, 0.02824, 0.02229, 0, 0.99, 0.22832, 0.49419, 0.01806, 0.01439, 0, 0.79, 0.75359, 0.34619, 0.02155, 0.01595, 0, 0.78, 0.28884, 0.33702, 0.02092, 0.01, 0, 0.52, 0.34661, 0.89685, 0.0169, 0.01542, 0, 0.57, 0.51718, 0.39726, 0.0183, 0.01185, 0, 0.62, 0.17885, 0.57157, 0.02225, 0.01356, 0, 0.58, 0.55714, 0.61409, 0.01684, 0.01697, 0, 1.0, 0.19276, 0.81626, 0.02241, 0.01562, 0, 0.5, 0.42711, 0.81014, 0.02484, 0.01414, 0, 0.84, 0.17737, 0.38388, 0.02551, 0.01319]"
77786278-GOPR0093,"[0, 0.84, 0.66047, 0.06394, 0.01898, 0.01388, 0, 0.74, 0.44554, 0.93414, 0.02204, 0.01, 0, 0.72, 0.63192, 0.48803, 0.01, 0.01, 0, 0.92, 0.69086, 0.3615, 0.02203, 0.01678, 0, 0.78, 0.76032, 0.50902, 0.02212, 0.01, 0, 0.63, 0.30334, 0.28102, 0.02051, 0.01, 0, 0.66, 0.64263, 0.60797, 0.02352, 0.01177, 0, 0.9, 0.37266, 0.35074, 0.0204, 0.01, 0, 0.67, 0.71504, 0.37876, 0.01051, 0.01236, 0, 0.97, 0.82904, 0.87525, 0.01771, 0.01009, 0, 0.76, 0.46345, 0.27235, 0.01238, 0.02328, 0, 0.77, 0.80902, 0.93184, 0.02678, 0.01261, 0, 0.63, 0.43222, 0.73521, 0.02291, 0.01507, 0, 0.86, 0.3524, 0.6258, 0.02067, 0.01692, 0, 0.75, 0.5402, 0.31542, 0.01657, 0.0137, 0, 0.68, 0.22585, 0.78376, 0.02629, 0.01991, 0, 0.69, 0.37214, 0.07819, 0.01889, 0.01156, 0, 0.94, 0.69119, 0.73506, 0.02127, 0.01422, 0, 0.93, 0.76666, 0.54784, 0.02516, 0.01695, 0, 0.5, 0.47298, 0.55774, 0.02057, 0.01429, 0, 0.92, 0.81291, 0.45604, 0.01199, 0.01, 0, 0.94, 0.52365, 0.29649, 0.0215, 0.0157, 0, 0.75, 0.38431, 0.91235, 0.01865, 0.01392, 0, 0.87, 0.4139, 0.26124, 0.02531, 0.0142, 0, 0.79, 0.61633, 0.92361, 0.02981, 0.01558, 0, 0.93, 0.7758, 0.45574, 0.02063, 0.01395, 0, 0.53, 0.276, 0.18667, 0.02017, 0.01702, 0, 0.83, 0.05772, 0.71159, 0.0278, 0.01607, 0, 0.81, 0.12207, 0.82159, 0.0209, 0.01171, 0, 0.57, 0.66447, 0.38346, 0.01241, 0.01465, 0, 0.63, 0.76399, 0.55855, 0.01787, 0.01824, 0, 0.56, 0.6881, 0.4655, 0.02313, 0.02449, 0, 0.64, 0.86873, 0.68264, 0.01965, 0.01672, 0, 0.91, 0.05846, 0.53269, 0.01833, 0.01503, 0, 0.96, 0.73768, 0.35203, 0.02027, 0.01119, 0, 0.96, 0.85254, 0.50128, 0.02206, 0.01, 0, 0.83, 0.05814, 0.41203, 0.02497, 0.01918, 0, 0.6, 0.89866, 0.15516, 0.01959, 0.01794, 0, 0.64, 0.21487, 0.67242, 0.02802, 0.01, 0, 0.71, 0.56746, 0.06604, 0.01894, 0.01363, 0, 0.55, 0.47987, 0.29708, 0.02599, 0.01303]"
6a0b2803-GOPR6697,"[0, 0.88, 0.94332, 0.08343, 0.0193, 0.0156, 0, 0.65, 0.60856, 0.89517, 0.02566, 0.01031, 0, 0.71, 0.68286, 0.55408, 0.01524, 0.01981, 0, 0.88, 0.24362, 0.62882, 0.03006, 0.01709, 0, 0.72, 0.87369, 0.94292, 0.01295, 0.01446, 0, 0.62, 0.60332, 0.24386, 0.02825, 0.01144, 0, 0.76, 0.92809, 0.14545, 0.01145, 0.01192, 0, 0.85, 0.38653, 0.61018, 0.01782, 0.01771, 0, 0.65, 0.17799, 0.80141, 0.01967, 0.0128, 0, 0.72, 0.68625, 0.83841, 0.01885, 0.01025, 0, 0.52, 0.2461, 0.53965, 0.01858, 0.01659, 0, 0.57, 0.83442, 0.48201, 0.01173, 0.01, 0, 0.81, 0.1944, 0.11174, 0.02273, 0.0153, 0, 0.83, 0.27526, 0.05592, 0.02281, 0.01712, 0, 0.73, 0.28831, 0.46818, 0.01, 0.01398, 0, 0.9, 0.76237, 0.75595, 0.01913, 0.01883, 0, 0.64, 0.74109, 0.76389, 0.0117, 0.01013, 0, 0.93, 0.4404, 0.65939, 0.01637, 0.0126, 0, 0.73, 0.52361, 0.07283, 0.01599, 0.01382, 0, 0.96, 0.16081, 0.43082, 0.01501, 0.01844, 0, 0.8, 0.23427, 0.67437, 0.01925, 0.01157, 0, 0.65, 0.50207, 0.5063, 0.02144, 0.01981, 0, 0.5, 0.11038, 0.2316, 0.01925, 0.01584, 0, 0.59, 0.61149, 0.38595, 0.02699, 0.01313, 0, 0.89, 0.41883, 0.86371, 0.02416, 0.02041, 0, 0.77, 0.30227, 0.23938, 0.02427, 0.01132, 0, 0.98, 0.50516, 0.37084, 0.0246, 0.01369, 0, 0.8, 0.58143, 0.25873, 0.01388, 0.01588, 0, 0.61, 0.27521, 0.3318, 0.0144, 0.01607, 0, 0.68, 0.49556, 0.30644, 0.02818, 0.01529, 0, 0.84, 0.47952, 0.5573, 0.02374, 0.01595, 0, 0.67, 0.16943, 0.49895, 0.02032, 0.01323, 0, 0.55, 0.58914, 0.0969, 0.02115, 0.0168, 0, 0.52, 0.18152, 0.84619, 0.02357, 0.01499, 0, 0.57, 0.7678, 0.79035, 0.01684, 0.01442, 0, 0.91, 0.84336, 0.90475, 0.02084, 0.01922, 0, 0.9, 0.22365, 0.58632, 0.01446, 0.01305, 0, 0.52, 0.16775, 0.592, 0.02895, 0.01, 0, 0.54, 0.25695, 0.08779, 0.03003, 0.01718, 0, 0.77, 0.83318, 0.88344, 0.02179, 0.01888, 0, 0.63, 0.5587, 0.90792, 0.01819, 0.01, 0, 0.54, 0.27576, 0.75716, 0.02604, 0.01]"
138396e0-GOPR6738,"[0, 0.91, 0.11136, 0.64445, 0.02047, 0.01368, 0, 0.87, 0.4742, 0.90809, 0.01547, 0.01688, 0, 0.64, 0.15788, 0.88863, 0.02051, 0.0159, 0, 0.57, 0.78567, 0.42093, 0.02168, 0.01234, 0, 0.57, 0.29055, 0.77002, 0.02739, 0.01421, 0, 0.61, 0.6946, 0.05353, 0.01867, 0.01324, 0, 0.57, 0.84045, 0.32815, 0.02116, 0.01558, 0, 0.58, 0.24406, 0.06992, 0.01352, 0.01322, 0, 0.72, 0.7517, 0.75764, 0.02661, 0.01331, 0, 0.57, 0.86089, 0.09979, 0.01984, 0.01505, 0, 0.69, 0.19853, 0.3979, 0.01692, 0.01, 0, 0.99, 0.58534, 0.56374, 0.01633, 0.01455, 0, 0.88, 0.87655, 0.76844, 0.02309, 0.01821, 0, 0.88, 0.37988, 0.48097, 0.01, 0.01, 0, 0.6, 0.53284, 0.70504, 0.01, 0.01482, 0, 0.91, 0.05139, 0.3056, 0.01716, 0.01, 0, 0.77, 0.18007, 0.46043, 0.02525, 0.01734, 0, 0.8, 0.29741, 0.67118, 0.02332, 0.01452, 0, 0.86, 0.47129, 0.24789, 0.02407, 0.01327, 0, 0.92, 0.61018, 0.16207, 0.02244, 0.01106, 0, 0.77, 0.83441, 0.85706, 0.02175, 0.01, 0, 0.67, 0.52417, 0.1474, 0.02264, 0.01668, 0, 0.69, 0.1172, 0.92616, 0.01786, 0.01755, 0, 0.64, 0.60059, 0.76213, 0.01862, 0.01047, 0, 0.55, 0.91859, 0.1059, 0.02461, 0.01869, 0, 0.93, 0.34833, 0.89039, 0.01595, 0.01628, 0, 0.72, 0.45888, 0.11484, 0.01874, 0.01053, 0, 0.77, 0.40497, 0.05905, 0.02802, 0.01, 0, 0.94, 0.34664, 0.5524, 0.01965, 0.01306, 0, 0.94, 0.39368, 0.3657, 0.01827, 0.01765, 0, 0.77, 0.3928, 0.23466, 0.03073, 0.01064]"
1f116d33-GOPR6753,[]
d4f53c20-GOPR6582,[]
76b4a0fa-GOPR6705,"[0, 0.72, 0.22792, 0.68685, 0.03405, 0.01128, 0, 0.96, 0.26977, 0.17764, 0.01, 0.01672, 0, 0.66, 0.41061, 0.30106, 0.01936, 0.01736, 0, 0.98, 0.4581, 0.08149, 0.0215, 0.01, 0, 0.9, 0.5225, 0.23988, 0.02038, 0.01826, 0, 0.62, 0.51249, 0.22966, 0.01962, 0.02435, 0, 0.85, 0.26685, 0.85304, 0.02562, 0.01247, 0, 0.51, 0.58676, 0.31593, 0.01873, 0.01286, 0, 0.88, 0.28063, 0.58885, 0.01673, 0.01579, 0, 0.82, 0.64136, 0.69692, 0.01679, 0.02172, 0, 0.87, 0.53476, 0.72597, 0.03071, 0.01155, 0, 0.79, 0.65333, 0.58286, 0.02448, 0.01902, 0, 0.98, 0.66034, 0.39646, 0.02155, 0.01954, 0, 0.89, 0.94555, 0.87464, 0.0259, 0.01065, 0, 0.75, 0.2278, 0.16075, 0.02131, 0.01424, 0, 0.89, 0.10459, 0.31471, 0.0149, 0.01237, 0, 0.54, 0.39894, 0.78592, 0.0219, 0.01, 0, 0.54, 0.59837, 0.23196, 0.02994, 0.01663, 0, 0.8, 0.56213, 0.77742, 0.01372, 0.01, 0, 0.96, 0.58872, 0.64053, 0.01995, 0.01749, 0, 0.61, 0.8842, 0.76104, 0.01687, 0.0181, 0, 0.61, 0.78306, 0.67422, 0.0171, 0.01702, 0, 0.55, 0.46907, 0.74919, 0.0113, 0.01778, 0, 0.75, 0.46099, 0.30503, 0.02174, 0.01, 0, 0.9, 0.71589, 0.30064, 0.01845, 0.0111, 0, 0.56, 0.06943, 0.25395, 0.02547, 0.01306, 0, 0.93, 0.9047, 0.29575, 0.02173, 0.01358, 0, 0.9, 0.46216, 0.82846, 0.0131, 0.01, 0, 0.69, 0.90867, 0.08673, 0.02086, 0.01278, 0, 0.9, 0.09686, 0.45657, 0.01432, 0.01, 0, 0.96, 0.53843, 0.06234, 0.018, 0.0177, 0, 0.7, 0.06517, 0.63577, 0.01926, 0.01126, 0, 0.58, 0.07054, 0.67787, 0.01, 0.02031, 0, 0.73, 0.11452, 0.78234, 0.01811, 0.01503, 0, 0.9, 0.49413, 0.4804, 0.01399, 0.01205]"
0758bd59-GOPR6699,"[0, 0.6, 0.0645, 0.86358, 0.02122, 0.01582, 0, 0.57, 0.4069, 0.65247, 0.01694, 0.0224, 0, 0.63, 0.39749, 0.45436, 0.02267, 0.01069, 0, 0.8, 0.08153, 0.25153, 0.02045, 0.01, 0, 0.86, 0.25256, 0.80545, 0.01, 0.01993, 0, 0.88, 0.51987, 0.14801, 0.0178, 0.01802, 0, 0.66, 0.17717, 0.32317, 0.02216, 0.01601, 0, 0.68, 0.31519, 0.06499, 0.02176, 0.01801, 0, 0.81, 0.09121, 0.27769, 0.02244, 0.01312, 0, 0.95, 0.38233, 0.37924, 0.02517, 0.01713, 0, 0.77, 0.91175, 0.59765, 0.01347, 0.01, 0, 0.88, 0.51118, 0.54682, 0.02773, 0.01486, 0, 0.61, 0.38265, 0.29244, 0.02106, 0.0117, 0, 0.96, 0.25327, 0.43804, 0.02085, 0.01077, 0, 0.51, 0.86264, 0.22033, 0.02486, 0.01655, 0, 0.59, 0.23886, 0.35369, 0.02507, 0.01619, 0, 0.63, 0.6391, 0.65765, 0.01137, 0.01332, 0, 0.84, 0.89379, 0.0799, 0.01903, 0.01099, 0, 0.93, 0.55604, 0.05158, 0.01938, 0.01661, 0, 0.58, 0.71788, 0.59654, 0.01557, 0.02355, 0, 0.75, 0.30806, 0.54763, 0.01763, 0.01898, 0, 0.56, 0.59131, 0.49204, 0.01861, 0.01577, 0, 0.56, 0.62223, 0.4214, 0.01414, 0.01014, 0, 0.58, 0.59046, 0.23424, 0.01437, 0.01203, 0, 0.58, 0.20068, 0.78105, 0.01948, 0.02109, 0, 0.93, 0.05112, 0.6273, 0.02624, 0.01581, 0, 1.0, 0.82748, 0.40645, 0.01936, 0.01034, 0, 0.67, 0.88703, 0.37922, 0.01695, 0.01462, 0, 0.61, 0.3245, 0.2742, 0.02414, 0.01197, 0, 0.98, 0.27732, 0.52965, 0.0167, 0.0113, 0, 0.77, 0.1106, 0.10062, 0.01847, 0.01871, 0, 0.78, 0.32866, 0.64978, 0.01964, 0.01423]"
e0617a69-GOPR6731,"[0, 0.55, 0.226, 0.11392, 0.01578, 0.01825, 0, 0.71, 0.8286, 0.73649, 0.01719, 0.02148, 0, 0.97, 0.49126, 0.32151, 0.01714, 0.01468, 0, 0.58, 0.26636, 0.68528, 0.02759, 0.01437, 0, 0.64, 0.47055, 0.53037, 0.02001, 0.01, 0, 0.99, 0.86316, 0.09604, 0.0151, 0.01, 0, 0.68, 0.69306, 0.341, 0.01587, 0.01561, 0, 0.59, 0.08311, 0.79175, 0.01829, 0.01508, 0, 0.57, 0.49225, 0.39512, 0.0297, 0.01, 0, 0.61, 0.35606, 0.11685, 0.01653, 0.01743, 0, 0.55, 0.17881, 0.92199, 0.01247, 0.01579, 0, 0.96, 0.35516, 0.7831, 0.0239, 0.01509, 0, 0.66, 0.22567, 0.57896, 0.01248, 0.0227, 0, 0.55, 0.64785, 0.10093, 0.02393, 0.01555, 0, 0.74, 0.42329, 0.90489, 0.02239, 0.01425, 0, 0.61, 0.7506, 0.15219, 0.01866, 0.01516, 0, 0.98, 0.58512, 0.566, 0.01593, 0.01265, 0, 0.67, 0.42915, 0.13291, 0.01, 0.01724, 0, 0.71, 0.90332, 0.1707, 0.02451, 0.01691, 0, 0.66, 0.86764, 0.94016, 0.01493, 0.01, 0, 0.97, 0.65829, 0.23779, 0.02572, 0.01487, 0, 0.67, 0.4211, 0.09345, 0.01823, 0.01973, 0, 0.71, 0.77507, 0.30232, 0.01588, 0.01, 0, 0.55, 0.27562, 0.84471, 0.01447, 0.01289, 0, 0.97, 0.6872, 0.6986, 0.02, 0.01458, 0, 0.92, 0.79537, 0.26848, 0.03188, 0.01331, 0, 0.93, 0.21684, 0.55784, 0.03235, 0.01184, 0, 0.71, 0.88609, 0.32768, 0.01791, 0.01219, 0, 0.82, 0.38246, 0.35149, 0.01368, 0.02097, 0, 0.82, 0.88427, 0.7488, 0.01415, 0.01475, 0, 0.78, 0.77196, 0.33645, 0.0173, 0.01, 0, 0.98, 0.66873, 0.22136, 0.01633, 0.0199, 0, 0.64, 0.14944, 0.77901, 0.0212, 0.01857, 0, 0.8, 0.15254, 0.25402, 0.01999, 0.01206, 0, 0.64, 0.61951, 0.21176, 0.01628, 0.01419, 0, 0.55, 0.3918, 0.55297, 0.02338, 0.01, 0, 0.62, 0.24304, 0.37996, 0.02454, 0.01705]"
9c4523b4-GOPR6726,"[0, 0.54, 0.13867, 0.78357, 0.01, 0.01097, 0, 0.65, 0.12909, 0.61913, 0.01755, 0.01723, 0, 1.0, 0.75541, 0.44882, 0.02616, 0.01173, 0, 0.91, 0.66357, 0.81612, 0.02379, 0.01016, 0, 0.98, 0.06764, 0.86441, 0.0269, 0.01329, 0, 0.57, 0.17543, 0.37176, 0.01501, 0.01859, 0, 0.8, 0.63724, 0.8259, 0.01972, 0.01609, 0, 0.55, 0.41599, 0.79892, 0.02196, 0.01, 0, 0.95, 0.24181, 0.8557, 0.02447, 0.01, 0, 0.94, 0.49293, 0.49308, 0.01971, 0.0143, 0, 0.78, 0.36971, 0.45579, 0.02435, 0.01666, 0, 0.9, 0.66854, 0.48051, 0.02712, 0.01, 0, 0.64, 0.81081, 0.10598, 0.02226, 0.02631, 0, 0.61, 0.38086, 0.91384, 0.0236, 0.01376, 0, 0.8, 0.14325, 0.5236, 0.01706, 0.01449, 0, 0.84, 0.76382, 0.64617, 0.02015, 0.01358, 0, 0.51, 0.36979, 0.9404, 0.01118, 0.01037, 0, 0.74, 0.57335, 0.25754, 0.02635, 0.01342, 0, 0.87, 0.22904, 0.33568, 0.023, 0.01576, 0, 0.59, 0.48202, 0.46893, 0.02001, 0.01049, 0, 0.63, 0.76664, 0.64726, 0.01891, 0.01837, 0, 0.76, 0.63008, 0.14233, 0.01788, 0.01776, 0, 0.58, 0.87554, 0.13058, 0.02203, 0.01382, 0, 0.61, 0.68851, 0.2307, 0.02403, 0.01568, 0, 0.65, 0.50709, 0.86119, 0.01527, 0.0148, 0, 0.53, 0.29094, 0.76776, 0.02432, 0.0124, 0, 0.7, 0.37478, 0.56852, 0.02534, 0.01871, 0, 0.95, 0.8488, 0.56306, 0.01388, 0.01351, 0, 0.73, 0.07471, 0.43404, 0.01819, 0.01922, 0, 0.6, 0.06049, 0.14418, 0.01921, 0.01, 0, 0.88, 0.09433, 0.76663, 0.01713, 0.01, 0, 0.71, 0.05557, 0.65392, 0.02333, 0.01217, 0, 0.7, 0.9131, 0.25302, 0.01839, 0.01723, 0, 0.96, 0.41838, 0.2821, 0.01933, 0.01547, 0, 0.97, 0.9466, 0.12799, 0.01151, 0.01457, 0, 0.53, 0.5554, 0.59885, 0.027, 0.01858, 0, 0.57, 0.41174, 0.34379, 0.02714, 0.01, 0, 0.88, 0.71537, 0.83181, 0.02215, 0.01295, 0, 0.98, 0.67658, 0.28254, 0.02392, 0.01, 0, 0.99, 0.11306, 0.84886, 0.02155, 0.01115]"
3bfcab70-GOPR6638,"[0, 0.85, 0.3603, 0.11483, 0.02718, 0.01326, 0, 0.87, 0.1206, 0.86237, 0.01707, 0.01083, 0, 0.93, 0.77866, 0.16796, 0.02255, 0.01115, 0, 0.61, 0.60563, 0.05856, 0.03045, 0.01055, 0, 0.75, 0.30006, 0.53887, 0.0226, 0.01535, 0, 0.65, 0.54417, 0.73686, 0.01767, 0.01, 0, 0.64, 0.11813, 0.48549, 0.01533, 0.01, 0, 0.81, 0.36278, 0.50671, 0.01859, 0.01694, 0, 0.51, 0.87378, 0.73949, 0.02078, 0.01712, 0, 0.92, 0.54678, 0.80809, 0.01354, 0.02121, 0, 0.93, 0.86542, 0.19179, 0.03017, 0.01, 0, 0.59, 0.09585, 0.78901, 0.02011, 0.01899, 0, 0.63, 0.72704, 0.26156, 0.02305, 0.01, 0, 0.53, 0.15337, 0.88956, 0.0212, 0.01494, 0, 0.81, 0.91866, 0.61168, 0.01, 0.01024, 0, 0.75, 0.84473, 0.21722, 0.01839, 0.01, 0, 0.73, 0.51645, 0.72148, 0.0203, 0.01814, 0, 0.96, 0.52599, 0.28473, 0.01765, 0.01058, 0, 0.83, 0.88066, 0.12046, 0.02395, 0.01, 0, 0.77, 0.93944, 0.46719, 0.02486, 0.01414, 0, 0.64, 0.14498, 0.7906, 0.02335, 0.01513, 0, 0.65, 0.48071, 0.87384, 0.02333, 0.01933, 0, 0.92, 0.47069, 0.52283, 0.02347, 0.01812, 0, 0.84, 0.85016, 0.40532, 0.01518, 0.0104]"
399bc6ff-GOPR0045,"[0, 0.99, 0.48525, 0.76165, 0.02109, 0.01507]"
71596657-GOPR6691,"[0, 0.97, 0.27568, 0.79918, 0.02808, 0.01288, 0, 0.64, 0.78072, 0.94609, 0.01966, 0.01196, 0, 0.87, 0.86467, 0.81359, 0.03117, 0.01327]"
c42775b3-GOPR6779,"[0, 0.52, 0.2561, 0.43066, 0.02248, 0.01177, 0, 0.97, 0.85578, 0.7232, 0.0318, 0.01061, 0, 0.67, 0.60317, 0.41275, 0.01984, 0.01302, 0, 0.95, 0.76794, 0.90382, 0.01937, 0.0127, 0, 0.54, 0.24577, 0.80595, 0.0148, 0.01393, 0, 0.83, 0.85398, 0.15389, 0.02245, 0.01519, 0, 0.92, 0.2763, 0.70687, 0.02531, 0.01461, 0, 0.72, 0.51628, 0.87456, 0.01703, 0.01175, 0, 0.77, 0.07109, 0.11333, 0.02343, 0.01773, 0, 0.82, 0.93653, 0.44486, 0.01687, 0.01915, 0, 0.83, 0.94676, 0.27157, 0.02052, 0.01699, 0, 1.0, 0.28975, 0.09103, 0.02166, 0.01331, 0, 0.68, 0.93683, 0.88337, 0.02289, 0.01, 0, 0.83, 0.41436, 0.10017, 0.01327, 0.01986, 0, 0.59, 0.19206, 0.48186, 0.0308, 0.01089, 0, 0.79, 0.33951, 0.25165, 0.021, 0.01398, 0, 0.72, 0.3672, 0.09442, 0.01659, 0.01701, 0, 0.91, 0.57958, 0.10047, 0.02286, 0.01387, 0, 0.97, 0.21876, 0.61589, 0.01893, 0.02025, 0, 0.99, 0.24621, 0.17012, 0.01353, 0.01886, 0, 0.65, 0.27078, 0.9144, 0.01949, 0.01057, 0, 0.9, 0.93973, 0.11591, 0.03009, 0.0116, 0, 0.73, 0.93308, 0.15655, 0.01425, 0.01336, 0, 0.55, 0.82214, 0.77711, 0.03355, 0.01316, 0, 0.89, 0.32757, 0.33246, 0.01948, 0.01438, 0, 0.76, 0.3274, 0.47703, 0.03018, 0.01001, 0, 0.76, 0.81563, 0.82373, 0.02421, 0.01143, 0, 0.7, 0.46641, 0.65406, 0.02017, 0.01895, 0, 0.62, 0.75314, 0.28012, 0.02542, 0.01007, 0, 0.75, 0.37097, 0.91887, 0.02285, 0.01139, 0, 0.94, 0.2212, 0.83379, 0.02032, 0.01]"
835d5a53-GOPR6555,"[0, 0.64, 0.66071, 0.08646, 0.01808, 0.01677, 0, 0.63, 0.09827, 0.14584, 0.01623, 0.01539, 0, 0.86, 0.13267, 0.60367, 0.01511, 0.01512]"
97518b51-GOPR6618,"[0, 0.73, 0.37224, 0.34501, 0.0311, 0.01246, 0, 0.77, 0.93504, 0.0883, 0.01642, 0.01315, 0, 0.6, 0.46494, 0.1785, 0.01741, 0.01431, 0, 0.92, 0.42592, 0.1879, 0.0185, 0.0117, 0, 0.59, 0.7049, 0.80171, 0.02168, 0.01204, 0, 0.93, 0.3726, 0.08892, 0.01, 0.02073, 0, 0.66, 0.89737, 0.49414, 0.0177, 0.01419, 0, 0.81, 0.87899, 0.21059, 0.01723, 0.01063, 0, 0.56, 0.92388, 0.55129, 0.02756, 0.02232, 0, 0.72, 0.80422, 0.75256, 0.02355, 0.01511, 0, 0.52, 0.38713, 0.81327, 0.01723, 0.01076, 0, 0.72, 0.32015, 0.21885, 0.018, 0.01659, 0, 0.61, 0.41865, 0.26147, 0.01853, 0.0161, 0, 0.69, 0.31659, 0.50671, 0.01613, 0.01977, 0, 0.59, 0.81515, 0.7504, 0.03422, 0.01076, 0, 0.86, 0.4681, 0.41887, 0.01416, 0.01452, 0, 0.78, 0.50728, 0.35508, 0.02178, 0.01709, 0, 0.57, 0.51848, 0.7527, 0.02026, 0.01952, 0, 0.65, 0.61969, 0.65682, 0.02004, 0.01337, 0, 0.87, 0.76546, 0.12559, 0.0254, 0.01955, 0, 0.82, 0.69449, 0.4956, 0.02331, 0.01773, 0, 0.73, 0.73931, 0.32227, 0.01377, 0.02017, 0, 0.75, 0.44239, 0.4402, 0.02269, 0.01461, 0, 0.61, 0.44401, 0.43924, 0.01784, 0.01]"
19dec389-GOPR0037,"[0, 0.68, 0.37391, 0.47231, 0.01504, 0.01079, 0, 0.77, 0.2492, 0.22836, 0.01724, 0.01919, 0, 0.69, 0.8218, 0.28542, 0.02646, 0.01249, 0, 0.93, 0.41819, 0.14035, 0.02368, 0.02038, 0, 0.67, 0.37857, 0.16554, 0.02873, 0.01723, 0, 0.64, 0.57268, 0.29561, 0.02788, 0.01615, 0, 0.86, 0.78554, 0.4412, 0.01956, 0.01373, 0, 0.78, 0.7196, 0.53966, 0.02642, 0.0169, 0, 0.59, 0.55979, 0.55055, 0.016, 0.02007, 0, 0.98, 0.70844, 0.4229, 0.01925, 0.01875, 0, 0.62, 0.51987, 0.40917, 0.01791, 0.01301, 0, 0.68, 0.2971, 0.57798, 0.02182, 0.01269, 0, 0.79, 0.83837, 0.78415, 0.01748, 0.01989, 0, 0.79, 0.86333, 0.78656, 0.02124, 0.01128, 0, 0.74, 0.74306, 0.40999, 0.02879, 0.01626, 0, 0.99, 0.47084, 0.36781, 0.02244, 0.01945, 0, 0.62, 0.7725, 0.44074, 0.02385, 0.01318, 0, 0.52, 0.3445, 0.09288, 0.01807, 0.01832, 0, 0.66, 0.55097, 0.50795, 0.02138, 0.01864, 0, 0.62, 0.46401, 0.37694, 0.01917, 0.01434, 0, 0.85, 0.62862, 0.10185, 0.01912, 0.01795, 0, 0.67, 0.44293, 0.50586, 0.01863, 0.01292, 0, 0.53, 0.4323, 0.41895, 0.01354, 0.01281, 0, 0.56, 0.65781, 0.0594, 0.02414, 0.01269, 0, 0.66, 0.53189, 0.72418, 0.02413, 0.01, 0, 0.85, 0.7478, 0.39928, 0.03097, 0.01537, 0, 0.65, 0.64893, 0.15719, 0.01939, 0.01685, 0, 0.9, 0.27159, 0.29754, 0.01773, 0.0213, 0, 0.73, 0.73177, 0.29568, 0.02051, 0.0119, 0, 0.95, 0.26174, 0.36843, 0.02228, 0.01036, 0, 0.99, 0.281, 0.14223, 0.02491, 0.01007, 0, 0.92, 0.59706, 0.12963, 0.01, 0.01855, 0, 0.7, 0.32292, 0.37194, 0.02576, 0.02092, 0, 0.63, 0.84859, 0.24093, 0.02329, 0.01, 0, 0.88, 0.2034, 0.52798, 0.01713, 0.01071, 0, 0.74, 0.48558, 0.74161, 0.01371, 0.01108, 0, 0.75, 0.64297, 0.74642, 0.01575, 0.01053, 0, 0.52, 0.53803, 0.70001, 0.01384, 0.01153, 0, 0.75, 0.65377, 0.16391, 0.02215, 0.01473, 0, 0.85, 0.90246, 0.18005, 0.02388, 0.01622, 0, 0.84, 0.50246, 0.78968, 0.03001, 0.01972, 0, 0.95, 0.81717, 0.45309, 0.01112, 0.01042, 0, 0.74, 0.63573, 0.34213, 0.01948, 0.01871, 0, 0.84, 0.62196, 0.72206, 0.03012, 0.01, 0, 0.92, 0.28973, 0.67323, 0.01686, 0.02338, 0, 0.76, 0.50314, 0.40327, 0.01994, 0.0191, 0, 0.71, 0.85498, 0.94155, 0.01771, 0.0112, 0, 0.56, 0.12638, 0.47633, 0.02283, 0.01525, 0, 0.96, 0.27085, 0.07792, 0.02446, 0.01606, 0, 0.95, 0.40382, 0.83081, 0.0105, 0.01, 0, 0.71, 0.72784, 0.59799, 0.02638, 0.01, 0, 0.57, 0.85074, 0.42865, 0.02234, 0.0205, 0, 0.66, 0.61466, 0.73412, 0.017, 0.01072, 0, 0.87, 0.80879, 0.77651, 0.01583, 0.01564, 0, 0.89, 0.14717, 0.19623, 0.02715, 0.01, 0, 0.57, 0.43106, 0.46629, 0.01256, 0.01169, 0, 0.56, 0.78778, 0.114, 0.01835, 0.0134, 0, 0.62, 0.65123, 0.06814, 0.01517, 0.01514]"
670f9c60-GOPR6696,"[0, 0.51, 0.39352, 0.56258, 0.0162, 0.01074, 0, 0.67, 0.43068, 0.66697, 0.02415, 0.01211, 0, 0.55, 0.09067, 0.89644, 0.02291, 0.01538, 0, 0.72, 0.25783, 0.62486, 0.02504, 0.01124, 0, 0.73, 0.08967, 0.90305, 0.01914, 0.01629, 0, 0.51, 0.10095, 0.28362, 0.02204, 0.01385, 0, 0.8, 0.19301, 0.43577, 0.01843, 0.01295, 0, 0.68, 0.5537, 0.68455, 0.0177, 0.01131, 0, 0.69, 0.62616, 0.43075, 0.01898, 0.01592, 0, 0.62, 0.8582, 0.78179, 0.01673, 0.01341, 0, 0.78, 0.21496, 0.0724, 0.02028, 0.01503, 0, 0.83, 0.14256, 0.18111, 0.01962, 0.01, 0, 0.66, 0.79371, 0.34405, 0.02427, 0.01853, 0, 0.56, 0.23006, 0.77644, 0.0177, 0.01464, 0, 0.52, 0.1106, 0.51933, 0.02573, 0.01299, 0, 0.88, 0.17615, 0.59109, 0.01122, 0.01618, 0, 0.65, 0.31559, 0.44098, 0.02292, 0.01616, 0, 0.71, 0.93553, 0.40328, 0.01345, 0.01, 0, 0.97, 0.91424, 0.65721, 0.01249, 0.01689, 0, 0.67, 0.47584, 0.71533, 0.02896, 0.01113, 0, 0.61, 0.60476, 0.25738, 0.01803, 0.01, 0, 0.66, 0.19011, 0.07089, 0.01445, 0.01509, 0, 0.61, 0.42097, 0.3727, 0.02568, 0.01, 0, 0.62, 0.0983, 0.75627, 0.02166, 0.01288, 0, 0.58, 0.2381, 0.24122, 0.01392, 0.01308, 0, 0.82, 0.15563, 0.84078, 0.01016, 0.01857, 0, 0.83, 0.64984, 0.54682, 0.01025, 0.01807, 0, 0.69, 0.91428, 0.1546, 0.01554, 0.01, 0, 0.7, 0.06155, 0.83281, 0.02001, 0.01608, 0, 0.82, 0.42714, 0.26333, 0.02277, 0.01522, 0, 0.58, 0.41416, 0.32258, 0.02151, 0.01383, 0, 0.57, 0.51232, 0.83674, 0.02312, 0.01432, 0, 0.56, 0.37653, 0.35942, 0.01537, 0.01211]"
eacf1e45-GOPR6776,[]
6fca18c8-GOPR6592,"[0, 0.75, 0.90125, 0.74835, 0.01363, 0.01, 0, 0.69, 0.3854, 0.30523, 0.01, 0.01196, 0, 0.98, 0.87062, 0.10501, 0.01229, 0.01979, 0, 0.71, 0.47127, 0.33484, 0.01371, 0.01173, 0, 0.91, 0.18576, 0.37713, 0.02046, 0.01756, 0, 0.83, 0.50483, 0.16335, 0.01, 0.01303, 0, 0.52, 0.64143, 0.67997, 0.0168, 0.02133, 0, 0.73, 0.31604, 0.38744, 0.02246, 0.01403, 0, 0.66, 0.30066, 0.59513, 0.02052, 0.01441, 0, 0.57, 0.15041, 0.11967, 0.01531, 0.0149, 0, 0.53, 0.42114, 0.83079, 0.02076, 0.01339, 0, 0.87, 0.06347, 0.58849, 0.01811, 0.01919, 0, 0.56, 0.06849, 0.4311, 0.02456, 0.01437, 0, 0.5, 0.0879, 0.39147, 0.01741, 0.0141, 0, 0.51, 0.28836, 0.31164, 0.02425, 0.01101, 0, 0.97, 0.57345, 0.22798, 0.01471, 0.01, 0, 0.81, 0.25274, 0.66732, 0.01357, 0.01211, 0, 0.68, 0.73977, 0.78997, 0.01629, 0.01013, 0, 0.96, 0.29859, 0.21587, 0.02078, 0.01, 0, 0.85, 0.21802, 0.55667, 0.01, 0.01279, 0, 0.94, 0.28582, 0.14214, 0.02944, 0.01, 0, 0.86, 0.07497, 0.15951, 0.02461, 0.01799, 0, 0.74, 0.47547, 0.17273, 0.01721, 0.01, 0, 0.78, 0.27192, 0.33967, 0.01804, 0.01, 0, 0.51, 0.84135, 0.21304, 0.02742, 0.02123, 0, 0.5, 0.61096, 0.59806, 0.01493, 0.02178, 0, 0.7, 0.67221, 0.41822, 0.0203, 0.01252, 0, 0.55, 0.80958, 0.2744, 0.02175, 0.01, 0, 0.61, 0.28819, 0.75746, 0.0192, 0.01165, 0, 0.87, 0.07152, 0.91435, 0.01785, 0.01105, 0, 0.56, 0.4739, 0.41264, 0.0159, 0.01493, 0, 0.62, 0.90876, 0.12643, 0.02007, 0.01002, 0, 0.54, 0.53616, 0.27211, 0.01653, 0.01176, 0, 0.95, 0.40513, 0.31048, 0.02415, 0.01316, 0, 0.86, 0.33404, 0.72707, 0.01453, 0.01869, 0, 0.58, 0.1577, 0.51793, 0.01347, 0.01785, 0, 0.9, 0.20417, 0.36116, 0.01921, 0.0155, 0, 0.8, 0.8949, 0.67607, 0.01047, 0.01588, 0, 0.69, 0.47371, 0.31051, 0.02103, 0.01092, 0, 0.99, 0.71193, 0.7923, 0.02566, 0.01, 0, 0.79, 0.58149, 0.66717, 0.01928, 0.01426, 0, 0.77, 0.32959, 0.4149, 0.01693, 0.01396, 0, 0.75, 0.52084, 0.59873, 0.02648, 0.01321, 0, 0.59, 0.55438, 0.6016, 0.02464, 0.01131, 0, 0.77, 0.83123, 0.80965, 0.02826, 0.01, 0, 0.63, 0.68137, 0.06483, 0.01972, 0.01611, 0, 0.75, 0.46128, 0.21443, 0.02535, 0.01453, 0, 0.87, 0.80043, 0.22434, 0.01502, 0.01415]"
e528babe-GOPR6675,"[0, 0.99, 0.53412, 0.89926, 0.02012, 0.0125, 0, 0.52, 0.73949, 0.60994, 0.02002, 0.01492, 0, 0.73, 0.46336, 0.36953, 0.01881, 0.01079, 0, 0.53, 0.44666, 0.88101, 0.0223, 0.01, 0, 0.81, 0.47938, 0.14089, 0.01938, 0.01302, 0, 0.84, 0.70232, 0.40613, 0.01347, 0.01662, 0, 0.56, 0.57057, 0.64934, 0.0182, 0.01432, 0, 0.6, 0.8242, 0.50565, 0.03107, 0.0113, 0, 0.79, 0.92568, 0.26809, 0.02287, 0.01, 0, 0.83, 0.16082, 0.91048, 0.01406, 0.01633, 0, 0.57, 0.92039, 0.18792, 0.01287, 0.01, 0, 0.71, 0.8988, 0.8317, 0.01488, 0.01123, 0, 0.55, 0.565, 0.84991, 0.01857, 0.0125, 0, 0.76, 0.64265, 0.08983, 0.01513, 0.01973, 0, 0.63, 0.27165, 0.27357, 0.02332, 0.01147, 0, 0.95, 0.29398, 0.13326, 0.01, 0.01667, 0, 0.56, 0.40997, 0.296, 0.01814, 0.01957, 0, 0.84, 0.39372, 0.23827, 0.01995, 0.01, 0, 0.98, 0.91356, 0.90604, 0.01696, 0.02168, 0, 0.58, 0.68621, 0.51993, 0.02059, 0.01816, 0, 0.51, 0.62026, 0.36097, 0.02651, 0.01035, 0, 0.64, 0.16912, 0.07457, 0.01735, 0.01246, 0, 0.9, 0.08551, 0.86524, 0.01857, 0.01194, 0, 0.58, 0.27493, 0.50784, 0.02295, 0.01, 0, 0.82, 0.52525, 0.92761, 0.01611, 0.0157, 0, 0.86, 0.19111, 0.51185, 0.01807, 0.01028, 0, 0.97, 0.44757, 0.65704, 0.0254, 0.01, 0, 0.93, 0.63712, 0.3884, 0.02293, 0.01626, 0, 0.77, 0.47391, 0.79336, 0.03057, 0.01932, 0, 0.55, 0.35052, 0.40534, 0.01944, 0.01654, 0, 0.83, 0.20103, 0.72083, 0.02107, 0.01718, 0, 0.97, 0.1767, 0.45698, 0.0196, 0.01688, 0, 0.59, 0.90623, 0.08394, 0.01, 0.01927, 0, 0.95, 0.83218, 0.245, 0.02525, 0.01158, 0, 0.89, 0.21093, 0.73445, 0.01933, 0.01266, 0, 0.66, 0.10826, 0.88424, 0.01081, 0.0103, 0, 0.76, 0.86348, 0.60295, 0.01942, 0.01819, 0, 0.63, 0.8678, 0.56588, 0.01706, 0.01574, 0, 0.58, 0.87186, 0.6055, 0.0267, 0.01192, 0, 0.62, 0.64605, 0.7292, 0.02027, 0.01, 0, 0.72, 0.10341, 0.6792, 0.01765, 0.01334, 0, 0.63, 0.53209, 0.60922, 0.02256, 0.01, 0, 0.83, 0.88998, 0.07644, 0.01717, 0.01723, 0, 0.83, 0.42676, 0.93168, 0.01891, 0.015, 0, 0.96, 0.37575, 0.66773, 0.01, 0.0106, 0, 0.52, 0.3739, 0.54117, 0.01074, 0.0129, 0, 0.85, 0.43591, 0.82233, 0.02655, 0.01295, 0, 0.69, 0.84556, 0.46589, 0.0221, 0.01914, 0, 0.86, 0.79019, 0.89094, 0.02144, 0.01466, 0, 0.75, 0.86058, 0.92309, 0.02631, 0.01026, 0, 0.93, 0.68768, 0.76362, 0.01754, 0.01215, 0, 0.52, 0.92101, 0.33296, 0.02364, 0.01019, 0, 0.69, 0.2453, 0.19461, 0.02169, 0.01341, 0, 0.73, 0.45372, 0.93557, 0.02579, 0.02583, 0, 0.76, 0.53381, 0.84573, 0.02076, 0.01123, 0, 0.65, 0.18846, 0.26262, 0.02369, 0.01361, 0, 0.77, 0.5334, 0.20781, 0.01392, 0.01, 0, 0.62, 0.69214, 0.71891, 0.01746, 0.01035, 0, 0.77, 0.21606, 0.13414, 0.01662, 0.01315, 0, 0.71, 0.16286, 0.91095, 0.01765, 0.01, 0, 1.0, 0.48317, 0.60352, 0.01641, 0.01261, 0, 0.97, 0.12294, 0.59158, 0.02087, 0.01831, 0, 0.76, 0.26773, 0.4815, 0.01253, 0.01624, 0, 0.78, 0.71721, 0.67513, 0.01681, 0.01898, 0, 0.92, 0.69429, 0.27843, 0.01355, 0.01394, 0, 1.0, 0.63607, 0.49993, 0.02576, 0.0107]"
78d0ace2-GOPR6655,"[0, 0.77, 0.21852, 0.26784, 0.0192, 0.01438, 0, 0.52, 0.52642, 0.38135, 0.01809, 0.01873, 0, 0.8, 0.13395, 0.0904, 0.01505, 0.01738, 0, 0.62, 0.15316, 0.27976, 0.02266, 0.01, 0, 0.54, 0.4443, 0.42182, 0.02862, 0.01456, 0, 0.68, 0.53556, 0.18322, 0.01825, 0.01341, 0, 0.96, 0.25557, 0.57879, 0.02374, 0.01, 0, 0.89, 0.11787, 0.81839, 0.02609, 0.01474, 0, 0.82, 0.8928, 0.11667, 0.02004, 0.01253, 0, 0.58, 0.62307, 0.63857, 0.01201, 0.01582]"
99810d6b-GOPR6607,"[0, 0.74, 0.92642, 0.10269, 0.01467, 0.01, 0, 0.67, 0.33478, 0.84179, 0.01946, 0.01292, 0, 0.86, 0.56378, 0.10977, 0.01516, 0.02173, 0, 0.6, 0.75975, 0.66528, 0.01424, 0.01532, 0, 0.52, 0.70898, 0.89328, 0.02065, 0.016, 0, 0.93, 0.49936, 0.19614, 0.02436, 0.01, 0, 0.73, 0.51287, 0.89252, 0.01992, 0.01348, 0, 0.97, 0.61609, 0.85414, 0.02238, 0.0177, 0, 0.98, 0.62056, 0.34869, 0.02195, 0.01103, 0, 0.71, 0.83618, 0.16228, 0.02647, 0.01071, 0, 0.95, 0.33387, 0.6212, 0.0193, 0.01026, 0, 0.73, 0.34183, 0.23753, 0.02424, 0.01, 0, 0.97, 0.5561, 0.37257, 0.02159, 0.01714, 0, 0.84, 0.26693, 0.15693, 0.0216, 0.0158, 0, 0.68, 0.42951, 0.69449, 0.01897, 0.01601, 0, 0.73, 0.10965, 0.47554, 0.02118, 0.01533, 0, 0.83, 0.25468, 0.24849, 0.02984, 0.01483, 0, 0.53, 0.93444, 0.47135, 0.02262, 0.01062, 0, 0.65, 0.91337, 0.87412, 0.02067, 0.01755, 0, 0.86, 0.16897, 0.24914, 0.02528, 0.01969, 0, 0.89, 0.43791, 0.39441, 0.0188, 0.01204, 0, 0.89, 0.81435, 0.28714, 0.02013, 0.01634, 0, 0.91, 0.61293, 0.16177, 0.01374, 0.01, 0, 0.91, 0.80795, 0.19628, 0.02409, 0.01063, 0, 0.63, 0.10299, 0.9396, 0.02386, 0.01594, 0, 0.93, 0.47362, 0.05142, 0.01652, 0.02312, 0, 0.58, 0.84876, 0.80569, 0.01306, 0.01296, 0, 0.69, 0.43625, 0.27512, 0.01962, 0.01, 0, 0.95, 0.91785, 0.46623, 0.02273, 0.01405, 0, 0.59, 0.07639, 0.83148, 0.01906, 0.01888, 0, 0.53, 0.45485, 0.5266, 0.01847, 0.01881, 0, 0.69, 0.92635, 0.88634, 0.01257, 0.01128, 0, 0.84, 0.39778, 0.61608, 0.03258, 0.02047, 0, 0.63, 0.45646, 0.89834, 0.01182, 0.01604, 0, 0.94, 0.35572, 0.67809, 0.01796, 0.01549, 0, 0.88, 0.38755, 0.49958, 0.02672, 0.01531, 0, 0.52, 0.71349, 0.92199, 0.0163, 0.01361, 0, 0.97, 0.05396, 0.15672, 0.01418, 0.01232, 0, 0.54, 0.21178, 0.39413, 0.01628, 0.01629, 0, 0.75, 0.93325, 0.18347, 0.02221, 0.01314, 0, 0.6, 0.61282, 0.70713, 0.02187, 0.01376, 0, 0.91, 0.35897, 0.84427, 0.02167, 0.01231, 0, 0.61, 0.55705, 0.60791, 0.02278, 0.01215, 0, 0.61, 0.29105, 0.16263, 0.03372, 0.01153, 0, 0.67, 0.22988, 0.3238, 0.02208, 0.01, 0, 0.99, 0.2376, 0.60401, 0.01318, 0.01871, 0, 0.91, 0.12387, 0.45044, 0.02386, 0.01, 0, 0.73, 0.45195, 0.16308, 0.02168, 0.01616, 0, 0.6, 0.20407, 0.29357, 0.02286, 0.01, 0, 0.51, 0.58401, 0.11755, 0.01096, 0.01497, 0, 0.76, 0.57901, 0.94996, 0.02495, 0.01081]"
5f4cc069-GOPR6650,"[0, 0.9, 0.85529, 0.23288, 0.02356, 0.01886, 0, 0.75, 0.54627, 0.14028, 0.02218, 0.01534, 0, 0.58, 0.33788, 0.10981, 0.02255, 0.01389, 0, 0.76, 0.14447, 0.93416, 0.02076, 0.0106, 0, 0.82, 0.09049, 0.44686, 0.02119, 0.01469, 0, 0.56, 0.37616, 0.21317, 0.0123, 0.0113, 0, 0.73, 0.79108, 0.43611, 0.01954, 0.01175, 0, 0.58, 0.80281, 0.22214, 0.02118, 0.01679, 0, 0.81, 0.44713, 0.3353, 0.01804, 0.01113, 0, 0.95, 0.16342, 0.8256, 0.01565, 0.01075, 0, 0.86, 0.8128, 0.19627, 0.01866, 0.01, 0, 0.7, 0.13317, 0.58085, 0.02101, 0.01521, 0, 0.65, 0.69171, 0.23891, 0.01652, 0.01308, 0, 0.85, 0.0678, 0.6067, 0.0191, 0.01, 0, 0.97, 0.33164, 0.11682, 0.02219, 0.01672, 0, 0.99, 0.23302, 0.07608, 0.0207, 0.01868, 0, 0.78, 0.43311, 0.11334, 0.02615, 0.01401, 0, 0.8, 0.55034, 0.39122, 0.01875, 0.01369, 0, 0.68, 0.5269, 0.15364, 0.02299, 0.0113, 0, 0.51, 0.87155, 0.92886, 0.01006, 0.01281, 0, 0.89, 0.34499, 0.6334, 0.01186, 0.0104, 0, 0.55, 0.16189, 0.0714, 0.02678, 0.01, 0, 0.76, 0.88292, 0.83399, 0.01791, 0.01388, 0, 0.68, 0.86732, 0.46901, 0.02018, 0.01682, 0, 0.58, 0.60579, 0.61054, 0.01743, 0.01125, 0, 0.9, 0.62532, 0.80587, 0.01991, 0.01368, 0, 0.84, 0.27066, 0.56642, 0.02983, 0.01199, 0, 0.56, 0.65084, 0.94209, 0.02628, 0.01, 0, 0.77, 0.24553, 0.31451, 0.01, 0.01729, 0, 0.87, 0.37351, 0.33306, 0.01751, 0.01645, 0, 0.94, 0.76961, 0.6936, 0.01963, 0.01226, 0, 0.61, 0.0562, 0.25529, 0.02414, 0.01717, 0, 0.59, 0.40659, 0.41852, 0.0161, 0.02402, 0, 0.51, 0.61569, 0.41045, 0.01646, 0.01206, 0, 0.65, 0.66502, 0.49144, 0.01984, 0.01716, 0, 0.81, 0.41503, 0.72069, 0.01327, 0.01794, 0, 0.57, 0.87983, 0.27643, 0.02126, 0.01053, 0, 0.58, 0.37723, 0.73551, 0.01845, 0.01083]"
ada95f09-GOPR6798,"[0, 0.57, 0.61798, 0.82362, 0.01475, 0.0138, 0, 0.8, 0.27642, 0.51293, 0.02691, 0.01041]"
e7573743-GOPR6793,"[0, 0.5, 0.256, 0.08886, 0.01978, 0.01056, 0, 0.53, 0.30598, 0.75226, 0.02001, 0.01116, 0, 1.0, 0.37235, 0.73106, 0.02644, 0.01396, 0, 0.5, 0.35085, 0.84848, 0.02154, 0.01272, 0, 0.58, 0.25024, 0.34344, 0.02461, 0.02069, 0, 0.88, 0.11012, 0.86472, 0.02423, 0.01869, 0, 0.6, 0.94538, 0.4452, 0.02402, 0.01, 0, 0.8, 0.94449, 0.59756, 0.02661, 0.01, 0, 0.92, 0.76694, 0.82895, 0.02796, 0.01278, 0, 0.6, 0.17976, 0.32949, 0.02479, 0.0139, 0, 0.5, 0.44003, 0.37293, 0.01706, 0.01, 0, 0.66, 0.36758, 0.06794, 0.03004, 0.01, 0, 0.77, 0.27202, 0.80766, 0.02296, 0.01495, 0, 0.88, 0.68492, 0.87468, 0.01627, 0.0171, 0, 0.62, 0.6893, 0.50904, 0.01639, 0.01436, 0, 0.83, 0.69864, 0.3383, 0.01879, 0.0162, 0, 0.56, 0.28482, 0.88673, 0.02083, 0.01, 0, 0.82, 0.65934, 0.8884, 0.02853, 0.01595, 0, 0.79, 0.23429, 0.10264, 0.01914, 0.01, 0, 0.52, 0.74091, 0.69301, 0.02123, 0.01259, 0, 0.59, 0.06906, 0.25598, 0.01224, 0.01244, 0, 0.78, 0.79859, 0.26497, 0.01773, 0.01196, 0, 0.71, 0.40939, 0.67731, 0.02075, 0.01296, 0, 0.59, 0.30422, 0.0571, 0.02762, 0.01, 0, 0.54, 0.24181, 0.13076, 0.01933, 0.01, 0, 0.99, 0.21657, 0.49408, 0.02577, 0.01561, 0, 0.82, 0.33884, 0.08278, 0.02067, 0.01825, 0, 0.54, 0.70019, 0.21697, 0.01143, 0.01837, 0, 0.51, 0.15934, 0.26811, 0.02464, 0.01144, 0, 0.66, 0.8779, 0.6469, 0.01747, 0.01, 0, 0.68, 0.73523, 0.60012, 0.01846, 0.01377, 0, 0.71, 0.30536, 0.80203, 0.01888, 0.01797, 0, 0.77, 0.85496, 0.65403, 0.0245, 0.01795, 0, 0.72, 0.07917, 0.15749, 0.02866, 0.01329, 0, 0.74, 0.3701, 0.667, 0.01472, 0.01078, 0, 0.7, 0.44138, 0.8657, 0.02308, 0.01011, 0, 0.58, 0.47081, 0.44711, 0.01717, 0.01301, 0, 0.51, 0.16202, 0.0569, 0.02205, 0.01369, 0, 0.54, 0.33246, 0.32828, 0.01768, 0.01, 0, 0.85, 0.37294, 0.23047, 0.01359, 0.01624, 0, 0.62, 0.44935, 0.85658, 0.01767, 0.0172, 0, 0.9, 0.64293, 0.58456, 0.0145, 0.01488, 0, 0.84, 0.19681, 0.2922, 0.02775, 0.01215, 0, 0.56, 0.58172, 0.58679, 0.02485, 0.01, 0, 0.96, 0.30891, 0.78498, 0.01926, 0.01, 0, 0.94, 0.54388, 0.48264, 0.02168, 0.01323, 0, 0.87, 0.54797, 0.71616, 0.01659, 0.01994, 0, 0.88, 0.71013, 0.1858, 0.0289, 0.01974, 0, 0.69, 0.44286, 0.14716, 0.02321, 0.01836, 0, 0.71, 0.08756, 0.75238, 0.0207, 0.01, 0, 0.84, 0.50927, 0.69283, 0.01883, 0.0194, 0, 0.9, 0.20687, 0.48253, 0.01321, 0.01, 0, 0.75, 0.36737, 0.55217, 0.01776, 0.01715, 0, 0.51, 0.64538, 0.29213, 0.0117, 0.01755, 0, 0.69, 0.40318, 0.89031, 0.0344, 0.01012]"
eec6b120-GOPR6807,[]
